fecha_evento,albaran_id,eventos_total,eventos_override,coherence_before,coherence_after,policy_applied,policy_reason,run_id,ts_utc
2028-02-22,AE 179,1,0,,,0,,20260305T160209Z,2026-03-05T16:02:09.052211+00:00
2028-02-22,AE 180,4,0,,,0,,20260305T160209Z,2026-03-05T16:02:09.052211+00:00
2028-02-22,AE 181,4,0,1.0,1.0,0,,20260305T160209Z,2026-03-05T16:02:09.052211+00:00
2028-02-22,AE 182,4,0,1.0,1.0,0,,20260305T160209Z,2026-03-05T16:02:09.052211+00:00
2028-02-27,AE 196,4,0,,,0,,20260305T160209Z,2026-03-05T16:02:09.052211+00:00
2028-02-27,AE 197,4,1,0.0,1.0,1,PRODUCT_002_follow_PRODUCT_003_SUPPLIER_009,20260305T160209Z,2026-03-05T16:02:09.052211+00:00
2028-02-27,AE 198,4,1,0.0,1.0,1,PRODUCT_002_follow_PRODUCT_003_SUPPLIER_009,20260305T160209Z,2026-03-05T16:02:09.052211+00:00
2028-02-27,AE 199,4,0,,,0,,20260305T160209Z,2026-03-05T16:02:09.052211+00:00
2028-02-27,AE 200,4,0,,,0,,20260305T160209Z,2026-03-05T16:02:09.052211+00:00
2028-02-27,AE 201,4,0,,,0,,20260305T160209Z,2026-03-05T16:02:09.052211+00:00
2028-02-29,AE 202,4,1,0.0,1.0,1,PRODUCT_002_follow_PRODUCT_003_SUPPLIER_009,20260305T160209Z,2026-03-05T16:02:09.052211+00:00
2028-02-29,AE 203,4,1,0.0,1.0,1,PRODUCT_002_follow_PRODUCT_003_SUPPLIER_009,20260305T160209Z,2026-03-05T16:02:09.052211+00:00
2028-02-29,AE 204,4,0,,,0,,20260305T160209Z,2026-03-05T16:02:09.052211+00:00
2028-02-29,AE 205,4,1,0.0,1.0,1,PRODUCT_002_follow_PRODUCT_003_SUPPLIER_009,20260305T160209Z,2026-03-05T16:02:09.052211+00:00
2028-03-01,AE 206,4,0,,,0,,20260305T160209Z,2026-03-05T16:02:09.052211+00:00
2028-03-01,AE 207,4,0,,,0,,20260305T160209Z,2026-03-05T16:02:09.052211+00:00
2028-03-01,AE 208,4,0,,,0,,20260305T160209Z,2026-03-05T16:02:09.052211+00:00
2028-03-01,AE 209,4,0,,,0,,20260305T160209Z,2026-03-05T16:02:09.052211+00:00
2028-03-01,AE 210,3,1,0.0,1.0,1,PRODUCT_002_follow_PRODUCT_003_SUPPLIER_009,20260305T160209Z,2026-03-05T16:02:09.052211+00:00
2028-03-01,AE 211,4,0,,,0,,20260305T160209Z,2026-03-05T16:02:09.052211+00:00
2028-03-04,AE 212,4,0,,,0,,20260305T160209Z,2026-03-05T16:02:09.052211+00:00
2028-03-05,AE 213,4,0,,,0,,20260305T160209Z,2026-03-05T16:02:09.052211+00:00
2028-03-05,AE 214,4,0,,,0,,20260305T160209Z,2026-03-05T16:02:09.052211+00:00
2028-03-05,AE 215,1,0,,,0,,20260305T160209Z,2026-03-05T16:02:09.052211+00:00
2028-03-05,AE 216,2,1,0.0,1.0,1,PRODUCT_002_follow_PRODUCT_003_SUPPLIER_009,20260305T160209Z,2026-03-05T16:02:09.052211+00:00
2028-03-05,AE 217,5,0,,,0,,20260305T160209Z,2026-03-05T16:02:09.052211+00:00
2028-03-05,AE 218,4,0,,,0,,20260305T160209Z,2026-03-05T16:02:09.052211+00:00
2028-03-05,AE 219,4,1,0.0,1.0,1,PRODUCT_002_follow_PRODUCT_003_SUPPLIER_009,20260305T160209Z,2026-03-05T16:02:09.052211+00:00
2028-03-05,AE 220,4,1,0.0,1.0,1,PRODUCT_002_follow_PRODUCT_003_SUPPLIER_009,20260305T160209Z,2026-03-05T16:02:09.052211+00:00
2028-03-06,AE 221,5,2,0.0,1.0,1,PRODUCT_002_follow_PRODUCT_003_SUPPLIER_009,20260305T160209Z,2026-03-05T16:02:09.052211+00:00
2028-03-06,AE 224,4,1,0.0,1.0,1,PRODUCT_002_follow_PRODUCT_003_SUPPLIER_009,20260305T160209Z,2026-03-05T16:02:09.052211+00:00
2028-03-06,AE 225,4,0,,,0,,20260305T160209Z,2026-03-05T16:02:09.052211+00:00
2028-03-06,AE 226,4,2,0.0,1.0,1,PRODUCT_002_follow_PRODUCT_003_SUPPLIER_009,20260305T160209Z,2026-03-05T16:02:09.052211+00:00
2028-03-07,AE 229,5,2,0.0,1.0,1,PRODUCT_002_follow_PRODUCT_003_SUPPLIER_009,20260305T160209Z,2026-03-05T16:02:09.052211+00:00
2028-03-07,AE 230,4,2,0.0,1.0,1,PRODUCT_002_follow_PRODUCT_003_SUPPLIER_009,20260305T160209Z,2026-03-05T16:02:09.052211+00:00
2028-03-08,AE 233,4,0,,,0,,20260305T160209Z,2026-03-05T16:02:09.052211+00:00
2028-03-08,AE 234,4,0,,,0,,20260305T160209Z,2026-03-05T16:02:09.052211+00:00
2028-03-08,AE 235,4,0,1.0,1.0,0,,20260305T160209Z,2026-03-05T16:02:09.052211+00:00
2028-03-08,AE 237,3,0,,,0,,20260305T160209Z,2026-03-05T16:02:09.052211+00:00
2028-03-11,AE 238,4,1,0.0,1.0,1,PRODUCT_002_follow_PRODUCT_003_SUPPLIER_009,20260305T160209Z,2026-03-05T16:02:09.052211+00:00
2028-03-12,AE 239,2,0,,,0,,20260305T160209Z,2026-03-05T16:02:09.052211+00:00
2028-03-12,AE 240,2,0,,,0,,20260305T160209Z,2026-03-05T16:02:09.052211+00:00
2028-03-12,AE 241,2,0,,,0,,20260305T160209Z,2026-03-05T16:02:09.052211+00:00
2028-03-12,AE 242,3,0,,,0,,20260305T160209Z,2026-03-05T16:02:09.052211+00:00
2028-03-12,AE 243,2,0,,,0,,20260305T160209Z,2026-03-05T16:02:09.052211+00:00
2028-03-12,AE 244,4,2,0.0,1.0,1,PRODUCT_002_follow_PRODUCT_003_SUPPLIER_009,20260305T160209Z,2026-03-05T16:02:09.052211+00:00
2028-03-12,AE 245,3,1,0.0,1.0,1,PRODUCT_002_follow_PRODUCT_003_SUPPLIER_009,20260305T160209Z,2026-03-05T16:02:09.052211+00:00
2028-03-12,AE 246,5,2,0.0,1.0,1,PRODUCT_002_follow_PRODUCT_003_SUPPLIER_009,20260305T160209Z,2026-03-05T16:02:09.052211+00:00
2028-03-12,AE 247,4,0,,,0,,20260305T160209Z,2026-03-05T16:02:09.052211+00:00
2028-03-13,AE 248,2,0,,,0,,20260305T160209Z,2026-03-05T16:02:09.052211+00:00
2028-03-13,AE 249,3,0,,,0,,20260305T160209Z,2026-03-05T16:02:09.052211+00:00
2028-03-13,AE 250,1,0,,,0,,20260305T160209Z,2026-03-05T16:02:09.052211+00:00
2028-03-13,AE 252,3,0,,,0,,20260305T160209Z,2026-03-05T16:02:09.052211+00:00
2028-03-13,AE 253,2,0,,,0,,20260305T160209Z,2026-03-05T16:02:09.052211+00:00
2028-03-13,AE 254,4,0,,,0,,20260305T160209Z,2026-03-05T16:02:09.052211+00:00
2028-03-14,AE 255,4,0,,,0,,20260305T160209Z,2026-03-05T16:02:09.052211+00:00
2028-03-14,AE 256,3,0,,,0,,20260305T160209Z,2026-03-05T16:02:09.052211+00:00
2028-03-14,AE 257,2,0,,,0,,20260305T160209Z,2026-03-05T16:02:09.052211+00:00
2028-03-14,AE 259,2,0,,,0,,20260305T160209Z,2026-03-05T16:02:09.052211+00:00
2028-03-14,AE 260,2,1,0.0,1.0,1,PRODUCT_002_follow_PRODUCT_003_SUPPLIER_009,20260305T160209Z,2026-03-05T16:02:09.052211+00:00
2028-03-15,AE 261,4,0,,,0,,20260305T160209Z,2026-03-05T16:02:09.052211+00:00
2028-03-15,AE 262,1,0,,,0,,20260305T160209Z,2026-03-05T16:02:09.052211+00:00
2028-03-15,AE 263,3,0,,,0,,20260305T160209Z,2026-03-05T16:02:09.052211+00:00
2028-03-15,AE 264,4,0,,,0,,20260305T160209Z,2026-03-05T16:02:09.052211+00:00
2028-03-18,AE 265,2,0,,,0,,20260305T160209Z,2026-03-05T16:02:09.052211+00:00
2028-03-18,AE 266,4,0,,,0,,20260305T160209Z,2026-03-05T16:02:09.052211+00:00
2028-03-18,AE 267,3,2,0.0,1.0,1,PRODUCT_002_follow_PRODUCT_003_SUPPLIER_009,20260305T160209Z,2026-03-05T16:02:09.052211+00:00
2028-03-19,AE 272,4,0,,,0,,20260305T160209Z,2026-03-05T16:02:09.052211+00:00
2028-03-19,AE 273,2,0,,,0,,20260305T160209Z,2026-03-05T16:02:09.052211+00:00
2028-03-19,AE 274,2,0,,,0,,20260305T160209Z,2026-03-05T16:02:09.052211+00:00
2028-03-20,AE 275,4,0,1.0,1.0,0,,20260305T160209Z,2026-03-05T16:02:09.052211+00:00
2028-03-20,AE 276,4,0,1.0,1.0,0,,20260305T160209Z,2026-03-05T16:02:09.052211+00:00
2028-03-20,AE 279,3,0,1.0,1.0,0,,20260305T160209Z,2026-03-05T16:02:09.052211+00:00
2028-03-21,AE 278,2,0,,,0,,20260305T160209Z,2026-03-05T16:02:09.052211+00:00
2028-03-21,AE 280,4,0,1.0,1.0,0,,20260305T160209Z,2026-03-05T16:02:09.052211+00:00
2028-03-21,AE 281,2,0,1.0,1.0,0,,20260305T160209Z,2026-03-05T16:02:09.052211+00:00
2028-03-21,AE 282,2,0,,,0,,20260305T160209Z,2026-03-05T16:02:09.052211+00:00
2028-03-21,AE 283,1,0,,,0,,20260305T160209Z,2026-03-05T16:02:09.052211+00:00
2028-03-22,AE 284,4,0,,,0,,20260305T160209Z,2026-03-05T16:02:09.052211+00:00
2028-03-22,AE 285,3,0,,,0,,20260305T160209Z,2026-03-05T16:02:09.052211+00:00
2028-03-22,AE 286,4,3,0.0,1.0,1,PRODUCT_002_follow_PRODUCT_003_SUPPLIER_009,20260305T160209Z,2026-03-05T16:02:09.052211+00:00
2028-03-22,AE 287,4,0,,,0,,20260305T160209Z,2026-03-05T16:02:09.052211+00:00
2028-03-22,AE 288,2,0,,,0,,20260305T160209Z,2026-03-05T16:02:09.052211+00:00
2028-03-22,AE 289,1,0,,,0,,20260305T160209Z,2026-03-05T16:02:09.052211+00:00
2028-03-22,AE 290,4,0,,,0,,20260305T160209Z,2026-03-05T16:02:09.052211+00:00
2028-03-22,AE 291,3,1,0.0,1.0,1,PRODUCT_002_follow_PRODUCT_003_SUPPLIER_009,20260305T160209Z,2026-03-05T16:02:09.052211+00:00
2028-03-22,AE 292,4,0,,,0,,20260305T160209Z,2026-03-05T16:02:09.052211+00:00
2028-03-22,AE 293,4,1,0.0,1.0,1,PRODUCT_002_follow_PRODUCT_003_SUPPLIER_009,20260305T160209Z,2026-03-05T16:02:09.052211+00:00
2028-03-22,AE 294,5,0,,,0,,20260305T160209Z,2026-03-05T16:02:09.052211+00:00
2028-03-25,AE 295,4,1,0.0,1.0,1,PRODUCT_002_follow_PRODUCT_003_SUPPLIER_009,20260305T160209Z,2026-03-05T16:02:09.052211+00:00
2028-03-25,AE 296,4,0,,,0,,20260305T160209Z,2026-03-05T16:02:09.052211+00:00
2028-03-25,AE 297,4,0,,,0,,20260305T160209Z,2026-03-05T16:02:09.052211+00:00
2028-03-25,AE 298,4,0,,,0,,20260305T160209Z,2026-03-05T16:02:09.052211+00:00
2028-03-25,AE 299,2,1,0.0,1.0,1,PRODUCT_002_follow_PRODUCT_003_SUPPLIER_009,20260305T160209Z,2026-03-05T16:02:09.052211+00:00
2028-03-25,AE 300,1,0,,,0,,20260305T160209Z,2026-03-05T16:02:09.052211+00:00
2028-03-25,AE 301,4,0,,,0,,20260305T160209Z,2026-03-05T16:02:09.052211+00:00
2028-03-26,AE 302,2,0,,,0,,20260305T160209Z,2026-03-05T16:02:09.052211+00:00
2028-03-26,AE 303,3,0,,,0,,20260305T160209Z,2026-03-05T16:02:09.052211+00:00
2028-03-26,AE 304,4,0,,,0,,20260305T160209Z,2026-03-05T16:02:09.052211+00:00
2028-03-26,AE 305,1,0,,,0,,20260305T160209Z,2026-03-05T16:02:09.052211+00:00
2028-03-26,AE 306,4,0,,,0,,20260305T160209Z,2026-03-05T16:02:09.052211+00:00
2028-03-26,AE 307,4,0,,,0,,20260305T160209Z,2026-03-05T16:02:09.052211+00:00
2028-03-26,AE 308,4,1,0.0,1.0,1,PRODUCT_002_follow_PRODUCT_003_SUPPLIER_009,20260305T160209Z,2026-03-05T16:02:09.052211+00:00
2028-03-26,AE 309,4,3,0.0,1.0,1,PRODUCT_002_follow_PRODUCT_003_SUPPLIER_009,20260305T160209Z,2026-03-05T16:02:09.052211+00:00
2028-03-27,AE 311,2,0,,,0,,20260305T160209Z,2026-03-05T16:02:09.052211+00:00
2028-03-27,AE 312,2,0,,,0,,20260305T160209Z,2026-03-05T16:02:09.052211+00:00
2028-03-27,AE 313,4,2,0.0,1.0,1,PRODUCT_002_follow_PRODUCT_003_SUPPLIER_009,20260305T160209Z,2026-03-05T16:02:09.052211+00:00
2028-03-27,AE 314,4,0,,,0,,20260305T160209Z,2026-03-05T16:02:09.052211+00:00
2028-04-01,AE 318,2,0,,,0,,20260305T160209Z,2026-03-05T16:02:09.052211+00:00
2028-04-01,AE 319,2,0,,,0,,20260305T160209Z,2026-03-05T16:02:09.052211+00:00
2028-04-02,AE 320,4,0,1.0,1.0,0,,20260305T160209Z,2026-03-05T16:02:09.052211+00:00
2028-04-02,AE 321,4,0,1.0,1.0,0,,20260305T160209Z,2026-03-05T16:02:09.052211+00:00
2028-04-02,AE 322,3,0,1.0,1.0,0,,20260305T160209Z,2026-03-05T16:02:09.052211+00:00
2028-04-02,AE 323,4,0,1.0,1.0,0,,20260305T160209Z,2026-03-05T16:02:09.052211+00:00
2028-04-02,AE 324,3,0,1.0,1.0,0,,20260305T160209Z,2026-03-05T16:02:09.052211+00:00
2028-04-05,AE 325,4,0,1.0,1.0,0,,20260305T160209Z,2026-03-05T16:02:09.052211+00:00
2028-04-05,AE 326,4,0,1.0,1.0,0,,20260305T160209Z,2026-03-05T16:02:09.052211+00:00
2028-04-05,AE 327,4,0,1.0,1.0,0,,20260305T160209Z,2026-03-05T16:02:09.052211+00:00
2028-04-05,AE 328,3,0,,,0,,20260305T160209Z,2026-03-05T16:02:09.052211+00:00
2028-04-05,AE 329,4,0,,,0,,20260305T160209Z,2026-03-05T16:02:09.052211+00:00
2028-04-05,AE 330,4,0,,,0,,20260305T160209Z,2026-03-05T16:02:09.052211+00:00
2028-04-08,AE 331,4,0,,,0,,20260305T160209Z,2026-03-05T16:02:09.052211+00:00
2028-04-08,AE 332,3,0,1.0,1.0,0,,20260305T160209Z,2026-03-05T16:02:09.052211+00:00
2028-04-09,AE 333,4,0,1.0,1.0,0,,20260305T160209Z,2026-03-05T16:02:09.052211+00:00
2028-04-09,AE 334,2,0,,,0,,20260305T160209Z,2026-03-05T16:02:09.052211+00:00
2028-04-09,AE 335,4,0,1.0,1.0,0,,20260305T160209Z,2026-03-05T16:02:09.052211+00:00
2028-04-09,AE 336,2,0,,,0,,20260305T160209Z,2026-03-05T16:02:09.052211+00:00
2028-04-09,AE 337,4,0,,,0,,20260305T160209Z,2026-03-05T16:02:09.052211+00:00
2028-04-10,AE 338,1,0,,,0,,20260305T160209Z,2026-03-05T16:02:09.052211+00:00
2028-04-10,AE 339,4,0,,,0,,20260305T160209Z,2026-03-05T16:02:09.052211+00:00
2028-04-10,AE 340,4,0,1.0,1.0,0,,20260305T160209Z,2026-03-05T16:02:09.052211+00:00
2028-04-11,AE 341,4,0,1.0,1.0,0,,20260305T160209Z,2026-03-05T16:02:09.052211+00:00
2028-04-11,AE 342,4,0,,,0,,20260305T160209Z,2026-03-05T16:02:09.052211+00:00
2028-04-11,AE 343,4,0,,,0,,20260305T160209Z,2026-03-05T16:02:09.052211+00:00
2028-04-11,AE 344,4,0,,,0,,20260305T160209Z,2026-03-05T16:02:09.052211+00:00
2028-04-11,AE 345,4,0,,,0,,20260305T160209Z,2026-03-05T16:02:09.052211+00:00
2028-04-11,AE 346,4,0,1.0,1.0,0,,20260305T160209Z,2026-03-05T16:02:09.052211+00:00
2028-04-11,AE 347,4,0,1.0,1.0,0,,20260305T160209Z,2026-03-05T16:02:09.052211+00:00
2028-04-11,AE 348,4,0,1.0,1.0,0,,20260305T160209Z,2026-03-05T16:02:09.052211+00:00
2028-04-12,AE 349,2,0,,,0,,20260305T160209Z,2026-03-05T16:02:09.052211+00:00
2028-04-12,AE 350,2,0,,,0,,20260305T160209Z,2026-03-05T16:02:09.052211+00:00
2028-04-12,AE 351,4,0,,,0,,20260305T160209Z,2026-03-05T16:02:09.052211+00:00
2028-04-16,AE 352,3,0,,,0,,20260305T160209Z,2026-03-05T16:02:09.052211+00:00
2028-04-16,AE 353,2,0,,,0,,20260305T160209Z,2026-03-05T16:02:09.052211+00:00
2028-04-16,AE 354,4,0,1.0,1.0,0,,20260305T160209Z,2026-03-05T16:02:09.052211+00:00
2028-04-16,AE 355,4,0,1.0,1.0,0,,20260305T160209Z,2026-03-05T16:02:09.052211+00:00
2028-04-16,AE 356,4,0,1.0,1.0,0,,20260305T160209Z,2026-03-05T16:02:09.052211+00:00
2028-04-16,AE 357,4,0,,,0,,20260305T160209Z,2026-03-05T16:02:09.052211+00:00
2028-04-16,AE 358,4,0,,,0,,20260305T160209Z,2026-03-05T16:02:09.052211+00:00
2028-04-17,AE 359,4,0,1.0,1.0,0,,20260305T160209Z,2026-03-05T16:02:09.052211+00:00
2028-04-17,AE 360,4,0,1.0,1.0,0,,20260305T160209Z,2026-03-05T16:02:09.052211+00:00
2028-04-17,AE 363,4,0,,,0,,20260305T160209Z,2026-03-05T16:02:09.052211+00:00
2028-04-18,AE 364,2,0,1.0,1.0,0,,20260305T160209Z,2026-03-05T16:02:09.052211+00:00
2028-04-22,AE 370,4,0,,,0,,20260305T160209Z,2026-03-05T16:02:09.052211+00:00
2028-04-22,AE 371,4,0,,,0,,20260305T160209Z,2026-03-05T16:02:09.052211+00:00
2028-04-22,AE 372,4,0,,,0,,20260305T160209Z,2026-03-05T16:02:09.052211+00:00
2028-04-23,AE 373,4,0,,,0,,20260305T160209Z,2026-03-05T16:02:09.052211+00:00
2028-04-23,AE 374,4,0,1.0,1.0,0,,20260305T160209Z,2026-03-05T16:02:09.052211+00:00
2028-04-23,AE 375,3,0,1.0,1.0,0,,20260305T160209Z,2026-03-05T16:02:09.052211+00:00
2028-04-23,AE 376,4,0,,,0,,20260305T160209Z,2026-03-05T16:02:09.052211+00:00
2028-04-24,AE 377,4,0,,,0,,20260305T160209Z,2026-03-05T16:02:09.052211+00:00
2028-04-24,AE 379,4,0,1.0,1.0,0,,20260305T160209Z,2026-03-05T16:02:09.052211+00:00
2028-04-24,AE 380,4,0,,,0,,20260305T160209Z,2026-03-05T16:02:09.052211+00:00
2028-04-24,AE 381,4,0,1.0,1.0,0,,20260305T160209Z,2026-03-05T16:02:09.052211+00:00
2028-04-25,AE 382,4,0,,,0,,20260305T160209Z,2026-03-05T16:02:09.052211+00:00
2028-04-25,AE 383,4,0,1.0,1.0,0,,20260305T160209Z,2026-03-05T16:02:09.052211+00:00
2028-04-26,AE 384,4,0,1.0,1.0,0,,20260305T160209Z,2026-03-05T16:02:09.052211+00:00
2028-04-26,AE 385,4,0,1.0,1.0,0,,20260305T160209Z,2026-03-05T16:02:09.052211+00:00
2028-04-26,AE 386,4,0,,,0,,20260305T160209Z,2026-03-05T16:02:09.052211+00:00
2028-04-26,AE 387,4,0,,,0,,20260305T160209Z,2026-03-05T16:02:09.052211+00:00
2028-04-29,AE 388,4,0,,,0,,20260305T160209Z,2026-03-05T16:02:09.052211+00:00
2028-04-29,AE 389,4,0,,,0,,20260305T160209Z,2026-03-05T16:02:09.052211+00:00
2028-04-29,AE 390,4,0,1.0,1.0,0,,20260305T160209Z,2026-03-05T16:02:09.052211+00:00
2028-04-29,AE 391,2,0,1.0,1.0,0,,20260305T160209Z,2026-03-05T16:02:09.052211+00:00
2028-04-29,AE 392,1,0,,,0,,20260305T160209Z,2026-03-05T16:02:09.052211+00:00
2028-04-30,AE 395,2,0,,,0,,20260305T160209Z,2026-03-05T16:02:09.052211+00:00
2028-04-30,AE 397,4,0,,,0,,20260305T160209Z,2026-03-05T16:02:09.052211+00:00
2028-04-30,AE 398,3,0,1.0,1.0,0,,20260305T160209Z,2026-03-05T16:02:09.052211+00:00
2028-04-30,AE 399,3,0,1.0,1.0,0,,20260305T160209Z,2026-03-05T16:02:09.052211+00:00
2028-05-02,AE 400,4,0,1.0,1.0,0,,20260305T160209Z,2026-03-05T16:02:09.052211+00:00
2028-05-02,AE 401,4,0,1.0,1.0,0,,20260305T160209Z,2026-03-05T16:02:09.052211+00:00
2028-05-02,AE 402,4,0,,,0,,20260305T160209Z,2026-03-05T16:02:09.052211+00:00
2028-05-02,AE 403,4,0,,,0,,20260305T160209Z,2026-03-05T16:02:09.052211+00:00
2028-05-03,AE 404,4,0,1.0,1.0,0,,20260305T160209Z,2026-03-05T16:02:09.052211+00:00
2028-05-03,AE 405,4,0,,,0,,20260305T160209Z,2026-03-05T16:02:09.052211+00:00
2028-05-06,AE 406,4,0,1.0,1.0,0,,20260305T160209Z,2026-03-05T16:02:09.052211+00:00
2028-05-06,AE 407,4,0,1.0,1.0,0,,20260305T160209Z,2026-03-05T16:02:09.052211+00:00
2028-05-06,AE 408,4,0,,,0,,20260305T160209Z,2026-03-05T16:02:09.052211+00:00
2028-05-06,AE 413,1,0,,,0,,20260305T160209Z,2026-03-05T16:02:09.052211+00:00
2028-05-07,AE 409,4,0,,,0,,20260305T160209Z,2026-03-05T16:02:09.052211+00:00
2028-05-07,AE 410,3,0,,,0,,20260305T160209Z,2026-03-05T16:02:09.052211+00:00
2028-05-07,AE 411,1,0,,,0,,20260305T160209Z,2026-03-05T16:02:09.052211+00:00
2028-05-07,AE 412,4,0,1.0,1.0,0,,20260305T160209Z,2026-03-05T16:02:09.052211+00:00
2028-05-07,AE 414,4,0,1.0,1.0,0,,20260305T160209Z,2026-03-05T16:02:09.052211+00:00
2028-05-08,AE 416,4,0,1.0,1.0,0,,20260305T160209Z,2026-03-05T16:02:09.052211+00:00
2028-05-08,AE 417,4,0,,,0,,20260305T160209Z,2026-03-05T16:02:09.052211+00:00
2028-05-09,AE 418,3,0,,,0,,20260305T160209Z,2026-03-05T16:02:09.052211+00:00
2028-05-09,AE 419,1,0,,,0,,20260305T160209Z,2026-03-05T16:02:09.052211+00:00
2028-05-09,AE 420,2,0,,,0,,20260305T160209Z,2026-03-05T16:02:09.052211+00:00
2028-05-09,AE 421,4,0,1.0,1.0,0,,20260305T160209Z,2026-03-05T16:02:09.052211+00:00
2028-05-10,AE 422,4,0,,,0,,20260305T160209Z,2026-03-05T16:02:09.052211+00:00
2028-05-10,AE 423,4,0,1.0,1.0,0,,20260305T160209Z,2026-03-05T16:02:09.052211+00:00
2028-05-10,AE 424,1,0,,,0,,20260305T160209Z,2026-03-05T16:02:09.052211+00:00
2028-05-10,AE 425,3,0,,,0,,20260305T160209Z,2026-03-05T16:02:09.052211+00:00
2028-05-13,AE 429,4,0,,,0,,20260305T160209Z,2026-03-05T16:02:09.052211+00:00
2028-05-14,AE 430,4,0,1.0,1.0,0,,20260305T160209Z,2026-03-05T16:02:09.052211+00:00
2028-05-14,AE 431,4,0,,,0,,20260305T160209Z,2026-03-05T16:02:09.052211+00:00
2028-05-14,AE 432,4,0,1.0,1.0,0,,20260305T160209Z,2026-03-05T16:02:09.052211+00:00
2028-05-14,AE 433,4,0,1.0,1.0,0,,20260305T160209Z,2026-03-05T16:02:09.052211+00:00
2028-05-14,AE 434,4,0,,,0,,20260305T160209Z,2026-03-05T16:02:09.052211+00:00
2028-05-14,AE 435,4,0,1.0,1.0,0,,20260305T160209Z,2026-03-05T16:02:09.052211+00:00
2028-05-14,AE 436,4,0,1.0,1.0,0,,20260305T160209Z,2026-03-05T16:02:09.052211+00:00
2028-05-15,AE 438,2,0,,,0,,20260305T160209Z,2026-03-05T16:02:09.052211+00:00
2028-05-15,AE 439,4,0,,,0,,20260305T160209Z,2026-03-05T16:02:09.052211+00:00
2028-05-15,AE 440,4,0,,,0,,20260305T160209Z,2026-03-05T16:02:09.052211+00:00
2028-05-15,AE 441,3,0,,,0,,20260305T160209Z,2026-03-05T16:02:09.052211+00:00
2028-05-16,AE 442,3,0,1.0,1.0,0,,20260305T160209Z,2026-03-05T16:02:09.052211+00:00
2028-05-16,AE 443,4,0,1.0,1.0,0,,20260305T160209Z,2026-03-05T16:02:09.052211+00:00
2028-05-16,AE 444,3,0,1.0,1.0,0,,20260305T160209Z,2026-03-05T16:02:09.052211+00:00
2028-05-16,AE 445,3,0,1.0,1.0,0,,20260305T160209Z,2026-03-05T16:02:09.052211+00:00
2028-05-17,AE 446,5,0,,,0,,20260305T160209Z,2026-03-05T16:02:09.052211+00:00
2028-05-17,AE 447,4,0,,,0,,20260305T160209Z,2026-03-05T16:02:09.052211+00:00
2028-05-17,AE 448,4,0,1.0,1.0,0,,20260305T160209Z,2026-03-05T16:02:09.052211+00:00
2028-05-17,AE 449,4,0,,,0,,20260305T160209Z,2026-03-05T16:02:09.052211+00:00
2028-05-20,AE 450,4,0,,,0,,20260305T160209Z,2026-03-05T16:02:09.052211+00:00
2028-05-20,AE 451,4,0,,,0,,20260305T160209Z,2026-03-05T16:02:09.052211+00:00
2028-05-20,AE 452,4,0,,,0,,20260305T160209Z,2026-03-05T16:02:09.052211+00:00
2028-05-20,AE 453,2,0,1.0,1.0,0,,20260305T160209Z,2026-03-05T16:02:09.052211+00:00
2028-05-20,AE 454,4,0,,,0,,20260305T160209Z,2026-03-05T16:02:09.052211+00:00
2028-05-20,AE 457,5,0,,,0,,20260305T160209Z,2026-03-05T16:02:09.052211+00:00
2028-05-21,AE 455,2,0,,,0,,20260305T160209Z,2026-03-05T16:02:09.052211+00:00
2028-05-21,AE 456,2,0,,,0,,20260305T160209Z,2026-03-05T16:02:09.052211+00:00
2028-05-21,AE 458,4,0,,,0,,20260305T160209Z,2026-03-05T16:02:09.052211+00:00
2028-05-21,AE 459,4,0,1.0,1.0,0,,20260305T160209Z,2026-03-05T16:02:09.052211+00:00
2028-05-22,AE 460,1,0,,,0,,20260305T160209Z,2026-03-05T16:02:09.052211+00:00
2028-05-22,AE 461,4,0,1.0,1.0,0,,20260305T160209Z,2026-03-05T16:02:09.052211+00:00
2028-05-22,AE 462,3,0,1.0,1.0,0,,20260305T160209Z,2026-03-05T16:02:09.052211+00:00
2028-05-23,AE 463,4,0,,,0,,20260305T160209Z,2026-03-05T16:02:09.052211+00:00
2028-05-23,AE 464,4,0,,,0,,20260305T160209Z,2026-03-05T16:02:09.052211+00:00
2028-05-23,AE 465,2,0,,,0,,20260305T160209Z,2026-03-05T16:02:09.052211+00:00
2028-05-23,AE 466,4,0,1.0,1.0,0,,20260305T160209Z,2026-03-05T16:02:09.052211+00:00
2028-05-23,AE 467,4,0,1.0,1.0,0,,20260305T160209Z,2026-03-05T16:02:09.052211+00:00
2028-05-28,AE 476,4,0,1.0,1.0,0,,20260305T160209Z,2026-03-05T16:02:09.052211+00:00
2028-05-28,AE 477,4,0,1.0,1.0,0,,20260305T160209Z,2026-03-05T16:02:09.052211+00:00
2028-05-28,AE 478,4,0,,,0,,20260305T160209Z,2026-03-05T16:02:09.052211+00:00
2028-05-28,AE 479,4,0,,,0,,20260305T160209Z,2026-03-05T16:02:09.052211+00:00
2028-05-28,ALBARAN_FOCUS,4,0,1.0,1.0,0,,20260305T160209Z,2026-03-05T16:02:09.052211+00:00
2028-05-29,AE 481,3,0,,,0,,20260305T160209Z,2026-03-05T16:02:09.052211+00:00
2028-05-29,AE 482,1,0,,,0,,20260305T160209Z,2026-03-05T16:02:09.052211+00:00
2028-05-29,AE 483,4,0,1.0,1.0,0,,20260305T160209Z,2026-03-05T16:02:09.052211+00:00
2028-05-29,AE 484,1,0,,,0,,20260305T160209Z,2026-03-05T16:02:09.052211+00:00
2028-05-29,AE 485,4,0,,,0,,20260305T160209Z,2026-03-05T16:02:09.052211+00:00
2028-05-29,AE 486,2,0,,,0,,20260305T160209Z,2026-03-05T16:02:09.052211+00:00
2028-05-29,AE 487,4,0,1.0,1.0,0,,20260305T160209Z,2026-03-05T16:02:09.052211+00:00
2028-05-30,AE 488,4,0,,,0,,20260305T160209Z,2026-03-05T16:02:09.052211+00:00
2028-05-30,AE 489,4,0,1.0,1.0,0,,20260305T160209Z,2026-03-05T16:02:09.052211+00:00
2028-05-31,AE 490,4,0,,,0,,20260305T160209Z,2026-03-05T16:02:09.052211+00:00
2028-05-31,AE 491,4,0,1.0,1.0,0,,20260305T160209Z,2026-03-05T16:02:09.052211+00:00
2028-05-31,AE 492,4,0,,,0,,20260305T160209Z,2026-03-05T16:02:09.052211+00:00
2028-05-31,AE 493,4,0,1.0,1.0,0,,20260305T160209Z,2026-03-05T16:02:09.052211+00:00
2028-06-03,AE 494,5,0,1.0,1.0,0,,20260305T160209Z,2026-03-05T16:02:09.052211+00:00
2028-06-03,AE 495,4,0,1.0,1.0,0,,20260305T160209Z,2026-03-05T16:02:09.052211+00:00
2028-06-03,AE 496,4,0,1.0,1.0,0,,20260305T160209Z,2026-03-05T16:02:09.052211+00:00
2028-06-04,AE 497,4,0,1.0,1.0,0,,20260305T160209Z,2026-03-05T16:02:09.052211+00:00
2028-06-04,AE 498,4,0,,,0,,20260305T160209Z,2026-03-05T16:02:09.052211+00:00
2028-06-05,AE 499,4,0,,,0,,20260305T160209Z,2026-03-05T16:02:09.052211+00:00
2028-06-05,AE 500,4,0,1.0,1.0,0,,20260305T160209Z,2026-03-05T16:02:09.052211+00:00
2028-06-05,AE 501,4,0,,,0,,20260305T160209Z,2026-03-05T16:02:09.052211+00:00
2028-06-05,AE 502,1,0,,,0,,20260305T160209Z,2026-03-05T16:02:09.052211+00:00
2028-06-05,AE 503,3,0,,,0,,20260305T160209Z,2026-03-05T16:02:09.052211+00:00
2028-06-05,AE 504,4,0,1.0,1.0,0,,20260305T160209Z,2026-03-05T16:02:09.052211+00:00
2028-06-05,AE 505,3,0,1.0,1.0,0,,20260305T160209Z,2026-03-05T16:02:09.052211+00:00
2028-06-05,AE 506,3,0,1.0,1.0,0,,20260305T160209Z,2026-03-05T16:02:09.052211+00:00
2028-06-06,AE 507,4,0,,,0,,20260305T160209Z,2026-03-05T16:02:09.052211+00:00
2028-06-06,AE 508,4,0,,,0,,20260305T160209Z,2026-03-05T16:02:09.052211+00:00
2028-06-06,AE 509,4,0,1.0,1.0,0,,20260305T160209Z,2026-03-05T16:02:09.052211+00:00
2028-06-07,AE 510,3,0,,,0,,20260305T160209Z,2026-03-05T16:02:09.052211+00:00
2028-06-07,AE 513,4,0,,,0,,20260305T160209Z,2026-03-05T16:02:09.052211+00:00
2028-06-07,AE 514,4,0,,,0,,20260305T160209Z,2026-03-05T16:02:09.052211+00:00
2028-06-07,AE 516,2,0,,,0,,20260305T160209Z,2026-03-05T16:02:09.052211+00:00
2028-06-10,AE 517,3,0,1.0,1.0,0,,20260305T160209Z,2026-03-05T16:02:09.052211+00:00
2028-06-10,AE 518,4,0,1.0,1.0,0,,20260305T160209Z,2026-03-05T16:02:09.052211+00:00
2028-06-10,AE 519,4,0,1.0,1.0,0,,20260305T160209Z,2026-03-05T16:02:09.052211+00:00
2028-06-11,AE 520,1,0,,,0,,20260305T160209Z,2026-03-05T16:02:09.052211+00:00
2028-06-11,AE 523,4,0,1.0,1.0,0,,20260305T160209Z,2026-03-05T16:02:09.052211+00:00
2028-06-11,AE 524,2,0,1.0,1.0,0,,20260305T160209Z,2026-03-05T16:02:09.052211+00:00
2028-06-11,AE 525,2,0,,,0,,20260305T160209Z,2026-03-05T16:02:09.052211+00:00
2028-06-12,AE 526,4,0,,,0,,20260305T160209Z,2026-03-05T16:02:09.052211+00:00
2028-06-12,AE 527,4,0,,,0,,20260305T160209Z,2026-03-05T16:02:09.052211+00:00
2028-06-13,AE 528,4,0,1.0,1.0,0,,20260305T160209Z,2026-03-05T16:02:09.052211+00:00
2028-06-13,AE 529,4,0,1.0,1.0,0,,20260305T160209Z,2026-03-05T16:02:09.052211+00:00
2028-06-13,AE 530,4,0,,,0,,20260305T160209Z,2026-03-05T16:02:09.052211+00:00
2028-06-13,AE 531,4,0,1.0,1.0,0,,20260305T160209Z,2026-03-05T16:02:09.052211+00:00
2028-06-14,AE 533,2,0,,,0,,20260305T160209Z,2026-03-05T16:02:09.052211+00:00
2028-06-14,AE 534,4,1,0.0,1.0,1,PRODUCT_002_follow_PRODUCT_003_SUPPLIER_009,20260305T160209Z,2026-03-05T16:02:09.052211+00:00
2028-06-14,AE 535,4,2,0.0,1.0,1,PRODUCT_002_follow_PRODUCT_003_SUPPLIER_009,20260305T160209Z,2026-03-05T16:02:09.052211+00:00
2028-06-17,AE 536,4,0,,,0,,20260305T160209Z,2026-03-05T16:02:09.052211+00:00
2028-06-17,AE 537,4,0,1.0,1.0,0,,20260305T160209Z,2026-03-05T16:02:09.052211+00:00
2028-06-17,AE 538,3,0,1.0,1.0,0,,20260305T160209Z,2026-03-05T16:02:09.052211+00:00
2028-06-18,AE 539,4,0,,,0,,20260305T160209Z,2026-03-05T16:02:09.052211+00:00
2028-06-18,AE 540,4,0,,,0,,20260305T160209Z,2026-03-05T16:02:09.052211+00:00
2028-06-18,AE 541,2,0,,,0,,20260305T160209Z,2026-03-05T16:02:09.052211+00:00
2028-06-18,AE 542,1,0,,,0,,20260305T160209Z,2026-03-05T16:02:09.052211+00:00
2028-06-19,AE 543,4,0,,,0,,20260305T160209Z,2026-03-05T16:02:09.052211+00:00
2028-06-19,AE 544,4,0,1.0,1.0,0,,20260305T160209Z,2026-03-05T16:02:09.052211+00:00
2028-06-19,AE 545,4,0,,,0,,20260305T160209Z,2026-03-05T16:02:09.052211+00:00
2028-06-20,AE 547,3,0,,,0,,20260305T160209Z,2026-03-05T16:02:09.052211+00:00
2028-06-20,AE 548,1,0,,,0,,20260305T160209Z,2026-03-05T16:02:09.052211+00:00
2029-01-03,AE 3,4,0,1.0,1.0,0,,20260305T160209Z,2026-03-05T16:02:09.052211+00:00
2029-01-03,AE 4,4,0,1.0,1.0,0,,20260305T160209Z,2026-03-05T16:02:09.052211+00:00
2029-01-03,AE 5,4,0,,,0,,20260305T160209Z,2026-03-05T16:02:09.052211+00:00
2029-01-03,AE 6,4,0,,,0,,20260305T160209Z,2026-03-05T16:02:09.052211+00:00
2029-01-07,AE 10,4,0,,,0,,20260305T160209Z,2026-03-05T16:02:09.052211+00:00
2029-01-07,AE 7,1,0,,,0,,20260305T160209Z,2026-03-05T16:02:09.052211+00:00
2029-01-07,AE 8,3,0,1.0,1.0,0,,20260305T160209Z,2026-03-05T16:02:09.052211+00:00
2029-01-07,AE 9,4,0,,,0,,20260305T160209Z,2026-03-05T16:02:09.052211+00:00
2029-01-08,AE 11,4,0,1.0,1.0,0,,20260305T160209Z,2026-03-05T16:02:09.052211+00:00
2029-01-08,AE 12,4,0,1.0,1.0,0,,20260305T160209Z,2026-03-05T16:02:09.052211+00:00
2029-01-08,AE 13,4,0,,,0,,20260305T160209Z,2026-03-05T16:02:09.052211+00:00
2029-01-08,AE 14,4,0,,,0,,20260305T160209Z,2026-03-05T16:02:09.052211+00:00
2029-01-09,AE 15,4,0,1.0,1.0,0,,20260305T160209Z,2026-03-05T16:02:09.052211+00:00
2029-01-09,AE 16,4,0,1.0,1.0,0,,20260305T160209Z,2026-03-05T16:02:09.052211+00:00
2029-01-09,AE 17,2,0,,,0,,20260305T160209Z,2026-03-05T16:02:09.052211+00:00
2029-01-09,AE 18,1,0,,,0,,20260305T160209Z,2026-03-05T16:02:09.052211+00:00
2029-01-10,AE 19,4,0,1.0,1.0,0,,20260305T160209Z,2026-03-05T16:02:09.052211+00:00
2029-01-10,AE 20,4,0,1.0,1.0,0,,20260305T160209Z,2026-03-05T16:02:09.052211+00:00
2029-01-13,AE 21,4,0,,,0,,20260305T160209Z,2026-03-05T16:02:09.052211+00:00
2029-01-13,AE 22,4,0,1.0,1.0,0,,20260305T160209Z,2026-03-05T16:02:09.052211+00:00
2029-01-14,AE 23,3,0,1.0,1.0,0,,20260305T160209Z,2026-03-05T16:02:09.052211+00:00
2029-01-14,AE 24,4,0,1.0,1.0,0,,20260305T160209Z,2026-03-05T16:02:09.052211+00:00
2029-01-14,AE 25,3,0,1.0,1.0,0,,20260305T160209Z,2026-03-05T16:02:09.052211+00:00
2029-01-17,AE 33,4,0,1.0,1.0,0,,20260305T160209Z,2026-03-05T16:02:09.052211+00:00
2029-01-17,AE 34,4,0,,,0,,20260305T160209Z,2026-03-05T16:02:09.052211+00:00
2029-01-17,AE 35,1,0,,,0,,20260305T160209Z,2026-03-05T16:02:09.052211+00:00
2029-01-17,AE 36,3,0,,,0,,20260305T160209Z,2026-03-05T16:02:09.052211+00:00
2029-01-20,AE 37,3,0,,,0,,20260305T160209Z,2026-03-05T16:02:09.052211+00:00
2029-01-20,AE 38,4,0,1.0,1.0,0,,20260305T160209Z,2026-03-05T16:02:09.052211+00:00
2029-01-21,AE 39,4,0,,,0,,20260305T160209Z,2026-03-05T16:02:09.052211+00:00
2029-01-21,AE 40,2,0,,,0,,20260305T160209Z,2026-03-05T16:02:09.052211+00:00
2029-01-21,AE 41,2,0,,,0,,20260305T160209Z,2026-03-05T16:02:09.052211+00:00
2029-01-21,AE 42,4,0,,,0,,20260305T160209Z,2026-03-05T16:02:09.052211+00:00
2029-01-21,AE 43,3,0,1.0,1.0,0,,20260305T160209Z,2026-03-05T16:02:09.052211+00:00
2029-01-22,AE 44,2,0,,,0,,20260305T160209Z,2026-03-05T16:02:09.052211+00:00
2029-01-23,AE 45,4,0,1.0,1.0,0,,20260305T160209Z,2026-03-05T16:02:09.052211+00:00
2029-01-23,AE 46,4,0,,,0,,20260305T160209Z,2026-03-05T16:02:09.052211+00:00
2029-01-24,AE 47,4,0,1.0,1.0,0,,20260305T160209Z,2026-03-05T16:02:09.052211+00:00
2029-01-24,AE 48,4,0,1.0,1.0,0,,20260305T160209Z,2026-03-05T16:02:09.052211+00:00
2029-01-27,AE 49,3,0,1.0,1.0,0,,20260305T160209Z,2026-03-05T16:02:09.052211+00:00
2029-01-27,AE 50,1,0,,,0,,20260305T160209Z,2026-03-05T16:02:09.052211+00:00
2029-01-28,AE 51,4,0,1.0,1.0,0,,20260305T160209Z,2026-03-05T16:02:09.052211+00:00
2029-01-28,AE 52,2,0,1.0,1.0,0,,20260305T160209Z,2026-03-05T16:02:09.052211+00:00
2029-01-28,AE 53,2,0,1.0,1.0,0,,20260305T160209Z,2026-03-05T16:02:09.052211+00:00
2029-01-28,AE 54,3,0,1.0,1.0,0,,20260305T160209Z,2026-03-05T16:02:09.052211+00:00
2029-01-29,AE 55,4,0,1.0,1.0,0,,20260305T160209Z,2026-03-05T16:02:09.052211+00:00
2029-01-29,AE 56,5,0,1.0,1.0,0,,20260305T160209Z,2026-03-05T16:02:09.052211+00:00
2029-01-30,AE 57,4,0,1.0,1.0,0,,20260305T160209Z,2026-03-05T16:02:09.052211+00:00
2029-01-30,AE 58,4,0,,,0,,20260305T160209Z,2026-03-05T16:02:09.052211+00:00
2029-01-31,AE 59,4,0,1.0,1.0,0,,20260305T160209Z,2026-03-05T16:02:09.052211+00:00
2029-01-31,AE 60,4,0,1.0,1.0,0,,20260305T160209Z,2026-03-05T16:02:09.052211+00:00
2029-01-31,AE 61,3,0,1.0,1.0,0,,20260305T160209Z,2026-03-05T16:02:09.052211+00:00
2029-01-31,AE 62,3,0,,,0,,20260305T160209Z,2026-03-05T16:02:09.052211+00:00
2029-02-03,AE 63,4,0,,,0,,20260305T160209Z,2026-03-05T16:02:09.052211+00:00
2029-02-03,AE 64,4,0,1.0,1.0,0,,20260305T160209Z,2026-03-05T16:02:09.052211+00:00
2029-02-03,AE 65,4,0,,,0,,20260305T160209Z,2026-03-05T16:02:09.052211+00:00
2029-02-03,AE 66,3,0,1.0,1.0,0,,20260305T160209Z,2026-03-05T16:02:09.052211+00:00
2029-02-04,AE 69,3,0,1.0,1.0,0,,20260305T160209Z,2026-03-05T16:02:09.052211+00:00
2029-02-04,AE 70,1,0,,,0,,20260305T160209Z,2026-03-05T16:02:09.052211+00:00
2029-02-04,AE 71,3,0,1.0,1.0,0,,20260305T160209Z,2026-03-05T16:02:09.052211+00:00
2029-02-05,AE 72,4,0,1.0,1.0,0,,20260305T160209Z,2026-03-05T16:02:09.052211+00:00
2029-02-05,AE 73,4,0,1.0,1.0,0,,20260305T160209Z,2026-03-05T16:02:09.052211+00:00
2029-02-05,AE 74,3,0,,,0,,20260305T160209Z,2026-03-05T16:02:09.052211+00:00
2029-02-05,AE 75,1,0,,,0,,20260305T160209Z,2026-03-05T16:02:09.052211+00:00
2029-02-06,AE 76,4,0,1.0,1.0,0,,20260305T160209Z,2026-03-05T16:02:09.052211+00:00
2029-02-06,AE 77,4,0,1.0,1.0,0,,20260305T160209Z,2026-03-05T16:02:09.052211+00:00
2029-02-06,AE 78,4,0,,,0,,20260305T160209Z,2026-03-05T16:02:09.052211+00:00
2029-02-06,AE 79,4,0,,,0,,20260305T160209Z,2026-03-05T16:02:09.052211+00:00
2029-02-06,AE 80,4,0,,,0,,20260305T160209Z,2026-03-05T16:02:09.052211+00:00
2029-02-07,AE 81,4,0,,,0,,20260305T160209Z,2026-03-05T16:02:09.052211+00:00
2029-02-07,AE 82,5,0,1.0,1.0,0,,20260305T160209Z,2026-03-05T16:02:09.052211+00:00
2029-02-07,AE 83,3,0,,,0,,20260305T160209Z,2026-03-05T16:02:09.052211+00:00
2029-02-07,AE 84,4,0,,,0,,20260305T160209Z,2026-03-05T16:02:09.052211+00:00
2029-02-10,AE 85,1,0,,,0,,20260305T160209Z,2026-03-05T16:02:09.052211+00:00
2029-02-10,AE 87,3,0,1.0,1.0,0,,20260305T160209Z,2026-03-05T16:02:09.052211+00:00
2029-02-10,AE 88,4,0,1.0,1.0,0,,20260305T160209Z,2026-03-05T16:02:09.052211+00:00
2029-02-11,AE 89,4,0,,,0,,20260305T160209Z,2026-03-05T16:02:09.052211+00:00
2029-02-11,AE 90,3,0,1.0,1.0,0,,20260305T160209Z,2026-03-05T16:02:09.052211+00:00
2029-02-11,AE 91,4,0,1.0,1.0,0,,20260305T160209Z,2026-03-05T16:02:09.052211+00:00
2029-02-11,AE 92,3,0,1.0,1.0,0,,20260305T160209Z,2026-03-05T16:02:09.052211+00:00
2029-02-11,AE 93,2,0,,,0,,20260305T160209Z,2026-03-05T16:02:09.052211+00:00
2029-02-11,AE 94,3,0,,,0,,20260305T160209Z,2026-03-05T16:02:09.052211+00:00
2029-02-11,AE 95,1,0,,,0,,20260305T160209Z,2026-03-05T16:02:09.052211+00:00
2029-02-12,AE 96,1,0,,,0,,20260305T160209Z,2026-03-05T16:02:09.052211+00:00
2029-02-12,AE 97,3,0,,,0,,20260305T160209Z,2026-03-05T16:02:09.052211+00:00
2029-02-12,AE 98,1,0,,,0,,20260305T160209Z,2026-03-05T16:02:09.052211+00:00
2029-02-12,AE 99,3,0,,,0,,20260305T160209Z,2026-03-05T16:02:09.052211+00:00
2029-02-13,AE 100,1,0,,,0,,20260305T160209Z,2026-03-05T16:02:09.052211+00:00
2029-02-13,AE 101,3,0,,,0,,20260305T160209Z,2026-03-05T16:02:09.052211+00:00
2029-02-14,AE 102,4,0,1.0,1.0,0,,20260305T160209Z,2026-03-05T16:02:09.052211+00:00
2029-02-14,AE 103,4,0,1.0,1.0,0,,20260305T160209Z,2026-03-05T16:02:09.052211+00:00
2029-02-14,AE 104,4,0,1.0,1.0,0,,20260305T160209Z,2026-03-05T16:02:09.052211+00:00
2029-02-14,AE 105,4,0,,,0,,20260305T160209Z,2026-03-05T16:02:09.052211+00:00
2029-02-14,AE 106,4,0,,,0,,20260305T160209Z,2026-03-05T16:02:09.052211+00:00
2029-02-17,AE 107,4,0,1.0,1.0,0,,20260305T160209Z,2026-03-05T16:02:09.052211+00:00
2029-02-17,AE 108,4,0,1.0,1.0,0,,20260305T160209Z,2026-03-05T16:02:09.052211+00:00
2029-02-17,AE 109,3,0,,,0,,20260305T160209Z,2026-03-05T16:02:09.052211+00:00
2029-02-17,AE 110,4,0,1.0,1.0,0,,20260305T160209Z,2026-03-05T16:02:09.052211+00:00
2029-02-17,AE 111,3,0,1.0,1.0,0,,20260305T160209Z,2026-03-05T16:02:09.052211+00:00
2029-02-18,AE 112,4,0,1.0,1.0,0,,20260305T160209Z,2026-03-05T16:02:09.052211+00:00
2029-02-18,AE 113,4,0,1.0,1.0,0,,20260305T160209Z,2026-03-05T16:02:09.052211+00:00
2029-02-18,AE 114,4,0,1.0,1.0,0,,20260305T160209Z,2026-03-05T16:02:09.052211+00:00
2029-02-18,AE 115,3,0,1.0,1.0,0,,20260305T160209Z,2026-03-05T16:02:09.052211+00:00
2029-02-18,AE 116,1,0,,,0,,20260305T160209Z,2026-03-05T16:02:09.052211+00:00
2029-02-19,AE 117,4,0,,,0,,20260305T160209Z,2026-03-05T16:02:09.052211+00:00
2029-02-19,AE 118,4,0,1.0,1.0,0,,20260305T160209Z,2026-03-05T16:02:09.052211+00:00
2029-02-19,AE 119,4,0,,,0,,20260305T160209Z,2026-03-05T16:02:09.052211+00:00
2029-02-19,AE 120,4,0,1.0,1.0,0,,20260305T160209Z,2026-03-05T16:02:09.052211+00:00
2029-02-19,AE 121,4,0,1.0,1.0,0,,20260305T160209Z,2026-03-05T16:02:09.052211+00:00
2029-02-20,AE 122,4,0,1.0,1.0,0,,20260305T160209Z,2026-03-05T16:02:09.052211+00:00
2029-02-20,AE 123,4,0,,,0,,20260305T160209Z,2026-03-05T16:02:09.052211+00:00
2029-02-21,AE 124,1,0,,,0,,20260305T160209Z,2026-03-05T16:02:09.052211+00:00
2029-02-21,AE 125,4,0,1.0,1.0,0,,20260305T160209Z,2026-03-05T16:02:09.052211+00:00
2029-02-21,AE 126,4,0,1.0,1.0,0,,20260305T160209Z,2026-03-05T16:02:09.052211+00:00
2029-02-24,AE 127,2,0,,,0,,20260305T160209Z,2026-03-05T16:02:09.052211+00:00
2029-02-24,AE 128,3,0,,,0,,20260305T160209Z,2026-03-05T16:02:09.052211+00:00
2029-02-25,AE 129,4,0,1.0,1.0,0,,20260305T160209Z,2026-03-05T16:02:09.052211+00:00
2029-02-25,AE 130,4,0,1.0,1.0,0,,20260305T160209Z,2026-03-05T16:02:09.052211+00:00
2029-02-25,AE 131,4,0,1.0,1.0,0,,20260305T160209Z,2026-03-05T16:02:09.052211+00:00
2029-02-25,AE 132,4,0,1.0,1.0,0,,20260305T160209Z,2026-03-05T16:02:09.052211+00:00
2029-02-25,AE 133,3,0,1.0,1.0,0,,20260305T160209Z,2026-03-05T16:02:09.052211+00:00
2029-02-26,AE 134,4,0,1.0,1.0,0,,20260305T160209Z,2026-03-05T16:02:09.052211+00:00
2029-02-26,AE 135,4,0,1.0,1.0,0,,20260305T160209Z,2026-03-05T16:02:09.052211+00:00
2029-02-27,AE 136,4,0,1.0,1.0,0,,20260305T160209Z,2026-03-05T16:02:09.052211+00:00
2029-02-27,AE 137,4,0,1.0,1.0,0,,20260305T160209Z,2026-03-05T16:02:09.052211+00:00
2029-02-27,AE 138,2,0,,,0,,20260305T160209Z,2026-03-05T16:02:09.052211+00:00
2029-02-27,AE 139,1,0,,,0,,20260305T160209Z,2026-03-05T16:02:09.052211+00:00
2029-02-27,AE 140,4,0,1.0,1.0,0,,20260305T160209Z,2026-03-05T16:02:09.052211+00:00
2029-02-27,AE 141,4,0,1.0,1.0,0,,20260305T160209Z,2026-03-05T16:02:09.052211+00:00
2029-03-03,AE 142,4,1,0.0,1.0,1,PRODUCT_002_follow_PRODUCT_003_SUPPLIER_009,20260305T160209Z,2026-03-05T16:02:09.052211+00:00
2029-03-04,AE 143,3,0,1.0,1.0,0,,20260305T160209Z,2026-03-05T16:02:09.052211+00:00
2029-03-04,AE 144,4,0,1.0,1.0,0,,20260305T160209Z,2026-03-05T16:02:09.052211+00:00
2029-03-05,AE 145,4,0,,,0,,20260305T160209Z,2026-03-05T16:02:09.052211+00:00
2029-03-05,AE 146,3,0,1.0,1.0,0,,20260305T160209Z,2026-03-05T16:02:09.052211+00:00
2029-03-05,AE 147,1,0,,,0,,20260305T160209Z,2026-03-05T16:02:09.052211+00:00
2029-03-05,AE 148,4,0,1.0,1.0,0,,20260305T160209Z,2026-03-05T16:02:09.052211+00:00
2029-03-05,AE 149,4,0,,,0,,20260305T160209Z,2026-03-05T16:02:09.052211+00:00
2029-03-05,AE 150,4,0,,,0,,20260305T160209Z,2026-03-05T16:02:09.052211+00:00
2029-03-06,AE 151,1,0,,,0,,20260305T160209Z,2026-03-05T16:02:09.052211+00:00
2029-03-06,AE 152,4,0,1.0,1.0,0,,20260305T160209Z,2026-03-05T16:02:09.052211+00:00
2029-03-06,AE 153,4,0,1.0,1.0,0,,20260305T160209Z,2026-03-05T16:02:09.052211+00:00
2029-03-06,AE 154,4,0,1.0,1.0,0,,20260305T160209Z,2026-03-05T16:02:09.052211+00:00
2029-03-11,AE 159,3,0,1.0,1.0,0,,20260305T160209Z,2026-03-05T16:02:09.052211+00:00
2029-03-11,AE 160,4,0,1.0,1.0,0,,20260305T160209Z,2026-03-05T16:02:09.052211+00:00
2029-03-12,AE 161,4,0,1.0,1.0,0,,20260305T160209Z,2026-03-05T16:02:09.052211+00:00
2029-03-12,AE 162,4,0,,,0,,20260305T160209Z,2026-03-05T16:02:09.052211+00:00
2029-03-12,AE 163,4,0,,,0,,20260305T160209Z,2026-03-05T16:02:09.052211+00:00
2029-03-13,AE 164,4,0,,,0,,20260305T160209Z,2026-03-05T16:02:09.052211+00:00
2029-03-14,AE 165,4,0,1.0,1.0,0,,20260305T160209Z,2026-03-05T16:02:09.052211+00:00
2029-03-17,AE 166,4,0,1.0,1.0,0,,20260305T160209Z,2026-03-05T16:02:09.052211+00:00
2029-03-17,AE 167,2,0,,,0,,20260305T160209Z,2026-03-05T16:02:09.052211+00:00
2029-03-18,AE 168,4,0,1.0,1.0,0,,20260305T160209Z,2026-03-05T16:02:09.052211+00:00
2029-03-18,AE 169,3,0,1.0,1.0,0,,20260305T160209Z,2026-03-05T16:02:09.052211+00:00
2029-03-19,AE 170,4,0,1.0,1.0,0,,20260305T160209Z,2026-03-05T16:02:09.052211+00:00
2029-03-20,AE 171,4,0,1.0,1.0,0,,20260305T160209Z,2026-03-05T16:02:09.052211+00:00
2029-03-21,AE 172,3,0,1.0,1.0,0,,20260305T160209Z,2026-03-05T16:02:09.052211+00:00
2029-03-21,AE 173,4,0,1.0,1.0,0,,20260305T160209Z,2026-03-05T16:02:09.052211+00:00
2029-03-21,AE 174,4,0,1.0,1.0,0,,20260305T160209Z,2026-03-05T16:02:09.052211+00:00
2029-03-24,AE 175,4,0,1.0,1.0,0,,20260305T160209Z,2026-03-05T16:02:09.052211+00:00
2029-03-24,AE 176,5,0,,,0,,20260305T160209Z,2026-03-05T16:02:09.052211+00:00
2029-03-25,AE 177,4,0,1.0,1.0,0,,20260305T160209Z,2026-03-05T16:02:09.052211+00:00
2029-03-25,AE 178,3,0,1.0,1.0,0,,20260305T160209Z,2026-03-05T16:02:09.052211+00:00
2029-03-25,AE 179,4,0,1.0,1.0,0,,20260305T160209Z,2026-03-05T16:02:09.052211+00:00
2029-03-26,AE 180,4,0,1.0,1.0,0,,20260305T160209Z,2026-03-05T16:02:09.052211+00:00
2029-03-26,AE 181,4,0,1.0,1.0,0,,20260305T160209Z,2026-03-05T16:02:09.052211+00:00
2029-03-26,AE 182,1,0,,,0,,20260305T160209Z,2026-03-05T16:02:09.052211+00:00
2029-03-26,AE 183,3,0,,,0,,20260305T160209Z,2026-03-05T16:02:09.052211+00:00
2029-03-27,AE 184,2,0,,,0,,20260305T160209Z,2026-03-05T16:02:09.052211+00:00
2029-03-27,AE 185,3,0,,,0,,20260305T160209Z,2026-03-05T16:02:09.052211+00:00
2029-03-27,AE 186,1,0,,,0,,20260305T160209Z,2026-03-05T16:02:09.052211+00:00
2029-03-27,AE 187,3,0,,,0,,20260305T160209Z,2026-03-05T16:02:09.052211+00:00
2029-03-27,AE 188,1,0,,,0,,20260305T160209Z,2026-03-05T16:02:09.052211+00:00
2029-03-27,AE 189,3,0,,,0,,20260305T160209Z,2026-03-05T16:02:09.052211+00:00
2029-03-28,AE 190,1,0,,,0,,20260305T160209Z,2026-03-05T16:02:09.052211+00:00
2029-03-28,AE 191,3,0,,,0,,20260305T160209Z,2026-03-05T16:02:09.052211+00:00
2029-03-28,AE 192,3,0,1.0,1.0,0,,20260305T160209Z,2026-03-05T16:02:09.052211+00:00
2029-03-28,AE 193,3,0,,,0,,20260305T160209Z,2026-03-05T16:02:09.052211+00:00
2029-03-28,AE 194,1,0,,,0,,20260305T160209Z,2026-03-05T16:02:09.052211+00:00
2029-03-31,AE 195,1,0,,,0,,20260305T160209Z,2026-03-05T16:02:09.052211+00:00
2029-03-31,AE 196,3,0,,,0,,20260305T160209Z,2026-03-05T16:02:09.052211+00:00
2029-03-31,AE 197,2,0,,,0,,20260305T160209Z,2026-03-05T16:02:09.052211+00:00
2029-03-31,AE 198,2,0,,,0,,20260305T160209Z,2026-03-05T16:02:09.052211+00:00
2029-04-01,AE 199,3,0,1.0,1.0,0,,20260305T160209Z,2026-03-05T16:02:09.052211+00:00
2029-04-01,AE 200,4,0,1.0,1.0,0,,20260305T160209Z,2026-03-05T16:02:09.052211+00:00
2029-04-01,AE 201,4,0,1.0,1.0,0,,20260305T160209Z,2026-03-05T16:02:09.052211+00:00
2029-04-02,AE 202,4,0,1.0,1.0,0,,20260305T160209Z,2026-03-05T16:02:09.052211+00:00
2029-04-02,AE 203,4,0,,,0,,20260305T160209Z,2026-03-05T16:02:09.052211+00:00
2029-04-02,AE 204,4,0,1.0,1.0,0,,20260305T160209Z,2026-03-05T16:02:09.052211+00:00
2029-04-03,AE 205,4,0,1.0,1.0,0,,20260305T160209Z,2026-03-05T16:02:09.052211+00:00
2029-04-04,AE 206,4,0,1.0,1.0,0,,20260305T160209Z,2026-03-05T16:02:09.052211+00:00
2029-04-07,AE 207,4,0,,,0,,20260305T160209Z,2026-03-05T16:02:09.052211+00:00
2029-04-07,AE 208,4,0,1.0,1.0,0,,20260305T160209Z,2026-03-05T16:02:09.052211+00:00
2029-04-07,AE 209,4,0,,,0,,20260305T160209Z,2026-03-05T16:02:09.052211+00:00
2029-04-07,AE 210,4,0,1.0,1.0,0,,20260305T160209Z,2026-03-05T16:02:09.052211+00:00
2029-04-07,AE 211,2,0,,,0,,20260305T160209Z,2026-03-05T16:02:09.052211+00:00
2029-04-08,AE 212,4,0,1.0,1.0,0,,20260305T160209Z,2026-03-05T16:02:09.052211+00:00
2029-04-08,AE 213,4,0,1.0,1.0,0,,20260305T160209Z,2026-03-05T16:02:09.052211+00:00
2029-04-08,AE 214,2,0,,,0,,20260305T160209Z,2026-03-05T16:02:09.052211+00:00
2029-04-08,AE 215,4,0,1.0,1.0,0,,20260305T160209Z,2026-03-05T16:02:09.052211+00:00
2029-04-08,AE 216,4,0,,,0,,20260305T160209Z,2026-03-05T16:02:09.052211+00:00
2029-04-08,AE 217,4,0,,,0,,20260305T160209Z,2026-03-05T16:02:09.052211+00:00
2029-04-09,AE 218,3,0,,,0,,20260305T160209Z,2026-03-05T16:02:09.052211+00:00
2029-04-09,AE 219,1,0,,,0,,20260305T160209Z,2026-03-05T16:02:09.052211+00:00
2029-04-10,AE 220,1,0,,,0,,20260305T160209Z,2026-03-05T16:02:09.052211+00:00
2029-04-10,AE 221,4,0,1.0,1.0,0,,20260305T160209Z,2026-03-05T16:02:09.052211+00:00
2029-04-10,AE 222,4,0,,,0,,20260305T160209Z,2026-03-05T16:02:09.052211+00:00
2029-04-10,AE 223,4,0,,,0,,20260305T160209Z,2026-03-05T16:02:09.052211+00:00
2029-04-11,AE 224,4,0,1.0,1.0,0,,20260305T160209Z,2026-03-05T16:02:09.052211+00:00
2029-04-11,AE 225,3,0,1.0,1.0,0,,20260305T160209Z,2026-03-05T16:02:09.052211+00:00
2029-04-11,AE 226,4,0,1.0,1.0,0,,20260305T160209Z,2026-03-05T16:02:09.052211+00:00
2029-04-11,AE 227,4,0,1.0,1.0,0,,20260305T160209Z,2026-03-05T16:02:09.052211+00:00
2029-04-14,AE 228,2,0,,,0,,20260305T160209Z,2026-03-05T16:02:09.052211+00:00
2029-04-14,AE 229,4,0,1.0,1.0,0,,20260305T160209Z,2026-03-05T16:02:09.052211+00:00
2029-04-14,AE 230,4,0,1.0,1.0,0,,20260305T160209Z,2026-03-05T16:02:09.052211+00:00
2029-04-14,AE 231,4,0,,,0,,20260305T160209Z,2026-03-05T16:02:09.052211+00:00
2029-04-15,AE 232,4,0,1.0,1.0,0,,20260305T160209Z,2026-03-05T16:02:09.052211+00:00
2029-04-15,AE 233,3,0,1.0,1.0,0,,20260305T160209Z,2026-03-05T16:02:09.052211+00:00
2029-04-15,AE 234,4,0,,,0,,20260305T160209Z,2026-03-05T16:02:09.052211+00:00
2029-04-15,AE 235,3,0,1.0,1.0,0,,20260305T160209Z,2026-03-05T16:02:09.052211+00:00
2029-04-15,AE 236,3,0,,,0,,20260305T160209Z,2026-03-05T16:02:09.052211+00:00
2029-04-15,AE 237,1,0,,,0,,20260305T160209Z,2026-03-05T16:02:09.052211+00:00
2029-04-16,AE 238,4,0,1.0,1.0,0,,20260305T160209Z,2026-03-05T16:02:09.052211+00:00
2029-04-16,AE 239,4,0,1.0,1.0,0,,20260305T160209Z,2026-03-05T16:02:09.052211+00:00
2029-04-16,AE 240,2,0,1.0,1.0,0,,20260305T160209Z,2026-03-05T16:02:09.052211+00:00
2029-04-16,AE 241,4,0,,,0,,20260305T160209Z,2026-03-05T16:02:09.052211+00:00
2029-04-16,AE 242,4,0,1.0,1.0,0,,20260305T160209Z,2026-03-05T16:02:09.052211+00:00
2029-04-21,AE 243,4,0,1.0,1.0,0,,20260305T160209Z,2026-03-05T16:02:09.052211+00:00
2029-04-21,AE 244,4,0,1.0,1.0,0,,20260305T160209Z,2026-03-05T16:02:09.052211+00:00
2029-04-21,AE 245,3,0,1.0,1.0,0,,20260305T160209Z,2026-03-05T16:02:09.052211+00:00
2029-04-21,AE 246,1,0,,,0,,20260305T160209Z,2026-03-05T16:02:09.052211+00:00
2029-04-21,AE 247,4,0,1.0,1.0,0,,20260305T160209Z,2026-03-05T16:02:09.052211+00:00
2029-04-22,AE 248,4,0,1.0,1.0,0,,20260305T160209Z,2026-03-05T16:02:09.052211+00:00
2029-04-22,AE 249,4,0,,,0,,20260305T160209Z,2026-03-05T16:02:09.052211+00:00
2029-04-23,AE 250,4,0,1.0,1.0,0,,20260305T160209Z,2026-03-05T16:02:09.052211+00:00
2029-04-23,AE 251,4,0,1.0,1.0,0,,20260305T160209Z,2026-03-05T16:02:09.052211+00:00
2029-04-23,AE 252,4,0,,,0,,20260305T160209Z,2026-03-05T16:02:09.052211+00:00
2029-04-23,AE 253,4,0,1.0,1.0,0,,20260305T160209Z,2026-03-05T16:02:09.052211+00:00
2029-04-23,AE 254,4,0,,,0,,20260305T160209Z,2026-03-05T16:02:09.052211+00:00
2029-04-24,AE 255,1,0,,,0,,20260305T160209Z,2026-03-05T16:02:09.052211+00:00
2029-04-24,AE 256,3,0,,,0,,20260305T160209Z,2026-03-05T16:02:09.052211+00:00
2029-04-24,AE 257,4,0,,,0,,20260305T160209Z,2026-03-05T16:02:09.052211+00:00
2029-04-24,AE 258,1,0,,,0,,20260305T160209Z,2026-03-05T16:02:09.052211+00:00
2029-04-24,AE 259,3,0,,,0,,20260305T160209Z,2026-03-05T16:02:09.052211+00:00
2029-04-24,AE 260,4,0,,,0,,20260305T160209Z,2026-03-05T16:02:09.052211+00:00
2029-04-24,AE 261,3,0,,,0,,20260305T160209Z,2026-03-05T16:02:09.052211+00:00
2029-04-24,AE 262,4,0,,,0,,20260305T160209Z,2026-03-05T16:02:09.052211+00:00
2029-04-24,AE 263,3,0,1.0,1.0,0,,20260305T160209Z,2026-03-05T16:02:09.052211+00:00
2029-04-24,AE 264,4,0,,,0,,20260305T160209Z,2026-03-05T16:02:09.052211+00:00
2029-04-25,AE 265,3,0,1.0,1.0,0,,20260305T160209Z,2026-03-05T16:02:09.052211+00:00
2029-04-25,AE 266,4,0,,,0,,20260305T160209Z,2026-03-05T16:02:09.052211+00:00
2029-04-25,AE 267,3,0,1.0,1.0,0,,20260305T160209Z,2026-03-05T16:02:09.052211+00:00
2029-04-25,AE 268,3,0,,,0,,20260305T160209Z,2026-03-05T16:02:09.052211+00:00
2029-04-28,AE 269,3,0,,,0,,20260305T160209Z,2026-03-05T16:02:09.052211+00:00
2029-04-28,AE 270,3,0,,,0,,20260305T160209Z,2026-03-05T16:02:09.052211+00:00
2029-04-28,AE 271,4,0,1.0,1.0,0,,20260305T160209Z,2026-03-05T16:02:09.052211+00:00
2029-04-29,AE 272,4,0,,,0,,20260305T160209Z,2026-03-05T16:02:09.052211+00:00
2029-04-29,AE 273,2,0,,,0,,20260305T160209Z,2026-03-05T16:02:09.052211+00:00
2029-04-29,AE 274,4,0,,,0,,20260305T160209Z,2026-03-05T16:02:09.052211+00:00
2029-04-29,AE 275,4,0,1.0,1.0,0,,20260305T160209Z,2026-03-05T16:02:09.052211+00:00
2029-04-29,AE 276,1,0,,,0,,20260305T160209Z,2026-03-05T16:02:09.052211+00:00
2029-04-29,AE 277,3,0,1.0,1.0,0,,20260305T160209Z,2026-03-05T16:02:09.052211+00:00
2029-04-29,AE 278,1,0,,,0,,20260305T160209Z,2026-03-05T16:02:09.052211+00:00
2029-04-29,AE 279,4,0,,,0,,20260305T160209Z,2026-03-05T16:02:09.052211+00:00
2029-05-05,AE 291,4,0,1.0,1.0,0,,20260305T160209Z,2026-03-05T16:02:09.052211+00:00
2029-05-05,AE 292,4,0,,,0,,20260305T160209Z,2026-03-05T16:02:09.052211+00:00
2029-05-05,AE 293,4,0,1.0,1.0,0,,20260305T160209Z,2026-03-05T16:02:09.052211+00:00
2029-05-06,AE 294,2,0,,,0,,20260305T160209Z,2026-03-05T16:02:09.052211+00:00
2029-05-06,AE 295,4,0,,,0,,20260305T160209Z,2026-03-05T16:02:09.052211+00:00
2029-05-06,AE 296,1,0,,,0,,20260305T160209Z,2026-03-05T16:02:09.052211+00:00
2029-05-07,AE 297,4,0,1.0,1.0,0,,20260305T160209Z,2026-03-05T16:02:09.052211+00:00
2029-05-07,AE 298,4,0,1.0,1.0,0,,20260305T160209Z,2026-03-05T16:02:09.052211+00:00
2029-05-07,AE 299,4,0,1.0,1.0,0,,20260305T160209Z,2026-03-05T16:02:09.052211+00:00
2029-05-07,AE 300,4,0,1.0,1.0,0,,20260305T160209Z,2026-03-05T16:02:09.052211+00:00
2029-05-07,AE 301,4,0,1.0,1.0,0,,20260305T160209Z,2026-03-05T16:02:09.052211+00:00
2029-05-07,AE 302,1,0,,,0,,20260305T160209Z,2026-03-05T16:02:09.052211+00:00
2029-05-07,AE 303,4,0,1.0,1.0,0,,20260305T160209Z,2026-03-05T16:02:09.052211+00:00
2029-05-08,AE 304,4,0,1.0,1.0,0,,20260305T160209Z,2026-03-05T16:02:09.052211+00:00
2029-05-09,AE 305,4,0,1.0,1.0,0,,20260305T160209Z,2026-03-05T16:02:09.052211+00:00
2029-05-09,AE 306,4,0,1.0,1.0,0,,20260305T160209Z,2026-03-05T16:02:09.052211+00:00
2029-05-09,AE 307,3,0,1.0,1.0,0,,20260305T160209Z,2026-03-05T16:02:09.052211+00:00
2029-05-09,AE 308,4,0,1.0,1.0,0,,20260305T160209Z,2026-03-05T16:02:09.052211+00:00
2029-05-09,AE 309,4,0,1.0,1.0,0,,20260305T160209Z,2026-03-05T16:02:09.052211+00:00
2029-05-09,AE 310,3,0,1.0,1.0,0,,20260305T160209Z,2026-03-05T16:02:09.052211+00:00
2029-05-12,AE 312,1,0,,,0,,20260305T160209Z,2026-03-05T16:02:09.052211+00:00
2029-05-13,AE 314,1,0,,,0,,20260305T160209Z,2026-03-05T16:02:09.052211+00:00
2029-05-13,AE 315,3,0,,,0,,20260305T160209Z,2026-03-05T16:02:09.052211+00:00
2029-05-13,AE 316,4,0,,,0,,20260305T160209Z,2026-03-05T16:02:09.052211+00:00
2029-05-14,AE 317,4,0,1.0,1.0,0,,20260305T160209Z,2026-03-05T16:02:09.052211+00:00
2029-05-14,AE 318,4,0,,,0,,20260305T160209Z,2026-03-05T16:02:09.052211+00:00
2029-05-14,AE 319,4,0,1.0,1.0,0,,20260305T160209Z,2026-03-05T16:02:09.052211+00:00
2029-05-14,AE 320,4,0,1.0,1.0,0,,20260305T160209Z,2026-03-05T16:02:09.052211+00:00
2029-05-15,AE 321,1,0,,,0,,20260305T160209Z,2026-03-05T16:02:09.052211+00:00
2029-05-15,AE 322,4,0,,,0,,20260305T160209Z,2026-03-05T16:02:09.052211+00:00
2029-05-15,AE 323,3,0,,,0,,20260305T160209Z,2026-03-05T16:02:09.052211+00:00
2029-05-15,AE 324,4,0,,,0,,20260305T160209Z,2026-03-05T16:02:09.052211+00:00
2029-05-15,AE 325,3,0,1.0,1.0,0,,20260305T160209Z,2026-03-05T16:02:09.052211+00:00
2029-05-15,AE 326,4,0,,,0,,20260305T160209Z,2026-03-05T16:02:09.052211+00:00
2029-05-15,AE 327,1,0,,,0,,20260305T160209Z,2026-03-05T16:02:09.052211+00:00
2029-05-15,AE 328,3,0,,,0,,20260305T160209Z,2026-03-05T16:02:09.052211+00:00
2029-05-16,AE 329,4,0,1.0,1.0,0,,20260305T160209Z,2026-03-05T16:02:09.052211+00:00
2029-05-16,AE 330,4,0,,,0,,20260305T160209Z,2026-03-05T16:02:09.052211+00:00
2029-05-16,AE 331,4,0,1.0,1.0,0,,20260305T160209Z,2026-03-05T16:02:09.052211+00:00
2029-05-16,AE 332,4,0,1.0,1.0,0,,20260305T160209Z,2026-03-05T16:02:09.052211+00:00
2029-05-19,AE 333,4,0,1.0,1.0,0,,20260305T160209Z,2026-03-05T16:02:09.052211+00:00
2029-05-19,AE 334,1,0,,,0,,20260305T160209Z,2026-03-05T16:02:09.052211+00:00
2029-05-19,AE 335,3,0,,,0,,20260305T160209Z,2026-03-05T16:02:09.052211+00:00
2029-05-20,AE 336,5,0,1.0,1.0,0,,20260305T160209Z,2026-03-05T16:02:09.052211+00:00
2029-05-20,AE 337,3,0,,,0,,20260305T160209Z,2026-03-05T16:02:09.052211+00:00
2029-05-20,AE 338,1,0,,,0,,20260305T160209Z,2026-03-05T16:02:09.052211+00:00
2029-05-20,AE 339,3,0,1.0,1.0,0,,20260305T160209Z,2026-03-05T16:02:09.052211+00:00
2029-05-20,AE 340,1,0,,,0,,20260305T160209Z,2026-03-05T16:02:09.052211+00:00
2029-05-20,AE 341,3,0,,,0,,20260305T160209Z,2026-03-05T16:02:09.052211+00:00
2029-05-21,AE 342,4,0,1.0,1.0,0,,20260305T160209Z,2026-03-05T16:02:09.052211+00:00
2029-05-21,AE 343,4,0,1.0,1.0,0,,20260305T160209Z,2026-03-05T16:02:09.052211+00:00
2029-05-21,AE 344,4,0,1.0,1.0,0,,20260305T160209Z,2026-03-05T16:02:09.052211+00:00
2029-05-21,AE 345,4,0,,,0,,20260305T160209Z,2026-03-05T16:02:09.052211+00:00
2029-05-22,AE 346,4,0,1.0,1.0,0,,20260305T160209Z,2026-03-05T16:02:09.052211+00:00
2029-05-23,AE 348,4,0,1.0,1.0,0,,20260305T160209Z,2026-03-05T16:02:09.052211+00:00
2029-05-23,AE 349,4,0,1.0,1.0,0,,20260305T160209Z,2026-03-05T16:02:09.052211+00:00
2029-05-26,AE 350,4,0,1.0,1.0,0,,20260305T160209Z,2026-03-05T16:02:09.052211+00:00
2029-05-26,AE 351,4,0,1.0,1.0,0,,20260305T160209Z,2026-03-05T16:02:09.052211+00:00
2029-05-26,AE 352,4,0,,,0,,20260305T160209Z,2026-03-05T16:02:09.052211+00:00
2029-05-26,AE 353,4,0,,,0,,20260305T160209Z,2026-03-05T16:02:09.052211+00:00
2029-05-27,AE 355,1,0,,,0,,20260305T160209Z,2026-03-05T16:02:09.052211+00:00
2029-05-27,AE 356,2,0,,,0,,20260305T160209Z,2026-03-05T16:02:09.052211+00:00
2029-05-27,AE 357,2,0,,,0,,20260305T160209Z,2026-03-05T16:02:09.052211+00:00
2029-05-30,AE 367,4,0,,,0,,20260305T160209Z,2026-03-05T16:02:09.052211+00:00
2029-05-30,AE 368,3,0,,,0,,20260305T160209Z,2026-03-05T16:02:09.052211+00:00
2029-05-30,AE 370,4,0,,,0,,20260305T160209Z,2026-03-05T16:02:09.052211+00:00
2029-05-30,AE 371,1,0,,,0,,20260305T160209Z,2026-03-05T16:02:09.052211+00:00
2029-05-30,AE 372,3,0,,,0,,20260305T160209Z,2026-03-05T16:02:09.052211+00:00
2029-06-02,AE 369,3,0,1.0,1.0,0,,20260305T160209Z,2026-03-05T16:02:09.052211+00:00
2029-06-02,AE 373,4,0,1.0,1.0,0,,20260305T160209Z,2026-03-05T16:02:09.052211+00:00
2029-06-02,AE 374,4,0,1.0,1.0,0,,20260305T160209Z,2026-03-05T16:02:09.052211+00:00
2029-06-02,AE 375,3,0,1.0,1.0,0,,20260305T160209Z,2026-03-05T16:02:09.052211+00:00
2029-06-03,AE 376,3,0,,,0,,20260305T160209Z,2026-03-05T16:02:09.052211+00:00
2029-06-03,AE 377,2,0,1.0,1.0,0,,20260305T160209Z,2026-03-05T16:02:09.052211+00:00
2029-06-03,AE 378,4,0,,,0,,20260305T160209Z,2026-03-05T16:02:09.052211+00:00
2029-06-03,AE 379,4,0,1.0,1.0,0,,20260305T160209Z,2026-03-05T16:02:09.052211+00:00
2029-06-04,AE 380,3,0,1.0,1.0,0,,20260305T160209Z,2026-03-05T16:02:09.052211+00:00
2029-06-04,AE 381,4,0,1.0,1.0,0,,20260305T160209Z,2026-03-05T16:02:09.052211+00:00
2029-06-04,AE 382,4,0,,,0,,20260305T160209Z,2026-03-05T16:02:09.052211+00:00
2029-06-04,AE 384,4,0,,,0,,20260305T160209Z,2026-03-05T16:02:09.052211+00:00
2029-06-04,AE 385,3,0,1.0,1.0,0,,20260305T160209Z,2026-03-05T16:02:09.052211+00:00
2029-06-05,AE 386,4,0,1.0,1.0,0,,20260305T160209Z,2026-03-05T16:02:09.052211+00:00
2029-06-05,AE 387,3,0,,,0,,20260305T160209Z,2026-03-05T16:02:09.052211+00:00
2029-06-05,AE 388,1,0,,,0,,20260305T160209Z,2026-03-05T16:02:09.052211+00:00
2029-06-05,AE 389,4,0,1.0,1.0,0,,20260305T160209Z,2026-03-05T16:02:09.052211+00:00
2029-06-05,AE 390,3,0,1.0,1.0,0,,20260305T160209Z,2026-03-05T16:02:09.052211+00:00
2029-06-06,AE 391,4,0,1.0,1.0,0,,20260305T160209Z,2026-03-05T16:02:09.052211+00:00
2029-06-06,AE 392,4,0,,,0,,20260305T160209Z,2026-03-05T16:02:09.052211+00:00
2029-06-06,AE 393,1,0,,,0,,20260305T160209Z,2026-03-05T16:02:09.052211+00:00
2029-06-06,AE 394,4,0,1.0,1.0,0,,20260305T160209Z,2026-03-05T16:02:09.052211+00:00
2029-06-06,AE 395,5,0,1.0,1.0,0,,20260305T160209Z,2026-03-05T16:02:09.052211+00:00
2029-06-06,AE 396,4,0,,,0,,20260305T160209Z,2026-03-05T16:02:09.052211+00:00
2029-06-09,AE 397,4,0,,,0,,20260305T160209Z,2026-03-05T16:02:09.052211+00:00
2029-06-09,AE 398,4,0,1.0,1.0,0,,20260305T160209Z,2026-03-05T16:02:09.052211+00:00
2029-06-09,AE 399,1,0,,,0,,20260305T160209Z,2026-03-05T16:02:09.052211+00:00
2029-06-09,AE 400,2,0,1.0,1.0,0,,20260305T160209Z,2026-03-05T16:02:09.052211+00:00
2029-06-09,AE 401,4,0,,,0,,20260305T160209Z,2026-03-05T16:02:09.052211+00:00
2029-06-10,AE 402,4,0,1.0,1.0,0,,20260305T160209Z,2026-03-05T16:02:09.052211+00:00
2029-06-10,AE 403,2,0,,,0,,20260305T160209Z,2026-03-05T16:02:09.052211+00:00
2029-06-10,AE 404,4,0,,,0,,20260305T160209Z,2026-03-05T16:02:09.052211+00:00
2029-06-10,AE 405,3,0,1.0,1.0,0,,20260305T160209Z,2026-03-05T16:02:09.052211+00:00
2029-06-11,AE 406,4,0,,,0,,20260305T160209Z,2026-03-05T16:02:09.052211+00:00
2029-06-11,AE 407,1,0,,,0,,20260305T160209Z,2026-03-05T16:02:09.052211+00:00
2029-06-11,AE 408,3,0,,,0,,20260305T160209Z,2026-03-05T16:02:09.052211+00:00
2029-06-11,AE 409,3,0,1.0,1.0,0,,20260305T160209Z,2026-03-05T16:02:09.052211+00:00
2029-06-11,AE 410,3,0,1.0,1.0,0,,20260305T160209Z,2026-03-05T16:02:09.052211+00:00
2029-06-12,AE 411,4,0,,,0,,20260305T160209Z,2026-03-05T16:02:09.052211+00:00
2029-06-12,AE 412,2,0,1.0,1.0,0,,20260305T160209Z,2026-03-05T16:02:09.052211+00:00
2029-06-12,AE 413,2,0,,,0,,20260305T160209Z,2026-03-05T16:02:09.052211+00:00
2029-06-12,AE 414,2,0,,,0,,20260305T160209Z,2026-03-05T16:02:09.052211+00:00
2029-06-12,AE 415,2,0,,,0,,20260305T160209Z,2026-03-05T16:02:09.052211+00:00
2029-06-12,AE 416,2,0,,,0,,20260305T160209Z,2026-03-05T16:02:09.052211+00:00
2029-06-13,AE 417,1,0,,,0,,20260305T160209Z,2026-03-05T16:02:09.052211+00:00
2029-06-13,AE 418,3,0,,,0,,20260305T160209Z,2026-03-05T16:02:09.052211+00:00
2029-06-13,AE 419,2,0,,,0,,20260305T160209Z,2026-03-05T16:02:09.052211+00:00
2029-06-13,AE 420,2,0,,,0,,20260305T160209Z,2026-03-05T16:02:09.052211+00:00
2029-06-13,AE 421,4,0,,,0,,20260305T160209Z,2026-03-05T16:02:09.052211+00:00
2029-06-13,AE 422,1,0,,,0,,20260305T160209Z,2026-03-05T16:02:09.052211+00:00
2029-06-13,AE 423,3,0,,,0,,20260305T160209Z,2026-03-05T16:02:09.052211+00:00
2029-06-13,AE 424,2,0,,,0,,20260305T160209Z,2026-03-05T16:02:09.052211+00:00
2029-06-13,AE 425,2,0,,,0,,20260305T160209Z,2026-03-05T16:02:09.052211+00:00
2029-06-16,AE 426,4,0,,,0,,20260305T160209Z,2026-03-05T16:02:09.052211+00:00
2029-06-16,AE 427,2,0,1.0,1.0,0,,20260305T160209Z,2026-03-05T16:02:09.052211+00:00
2029-06-16,AE 428,3,0,,,0,,20260305T160209Z,2026-03-05T16:02:09.052211+00:00
2029-06-16,AE 429,2,0,,,0,,20260305T160209Z,2026-03-05T16:02:09.052211+00:00
2029-06-16,AE 430,2,0,,,0,,20260305T160209Z,2026-03-05T16:02:09.052211+00:00
2029-06-16,AE 431,3,0,,,0,,20260305T160209Z,2026-03-05T16:02:09.052211+00:00
2029-06-16,AE 432,1,0,,,0,,20260305T160209Z,2026-03-05T16:02:09.052211+00:00
2029-06-16,AE 433,1,0,,,0,,20260305T160209Z,2026-03-05T16:02:09.052211+00:00
2029-06-16,AE 434,3,0,,,0,,20260305T160209Z,2026-03-05T16:02:09.052211+00:00
2029-06-17,AE 435,4,0,,,0,,20260305T160209Z,2026-03-05T16:02:09.052211+00:00
2029-06-17,AE 436,2,0,1.0,1.0,0,,20260305T160209Z,2026-03-05T16:02:09.052211+00:00
2029-06-17,AE 437,4,0,,,0,,20260305T160209Z,2026-03-05T16:02:09.052211+00:00
2029-06-17,AE 438,3,0,,,0,,20260305T160209Z,2026-03-05T16:02:09.052211+00:00
2029-06-17,AE 439,4,0,1.0,1.0,0,,20260305T160209Z,2026-03-05T16:02:09.052211+00:00
2029-06-18,AE 440,3,0,,,0,,20260305T160209Z,2026-03-05T16:02:09.052211+00:00
2029-06-18,AE 441,2,0,,,0,,20260305T160209Z,2026-03-05T16:02:09.052211+00:00
2029-06-18,AE 442,2,0,,,0,,20260305T160209Z,2026-03-05T16:02:09.052211+00:00
2029-06-18,AE 443,4,0,,,0,,20260305T160209Z,2026-03-05T16:02:09.052211+00:00
2029-06-18,AE 444,2,0,,,0,,20260305T160209Z,2026-03-05T16:02:09.052211+00:00
2029-06-18,AE 445,1,0,,,0,,20260305T160209Z,2026-03-05T16:02:09.052211+00:00
2029-06-19,AE 446,4,0,1.0,1.0,0,,20260305T160209Z,2026-03-05T16:02:09.052211+00:00
2029-06-19,AE 447,4,0,,,0,,20260305T160209Z,2026-03-05T16:02:09.052211+00:00
2029-06-20,AE 448,2,0,,,0,,20260305T160209Z,2026-03-05T16:02:09.052211+00:00
2029-06-20,AE 449,4,0,1.0,1.0,0,,20260305T160209Z,2026-03-05T16:02:09.052211+00:00
2029-06-20,AE 450,4,0,1.0,1.0,0,,20260305T160209Z,2026-03-05T16:02:09.052211+00:00
2029-06-20,AE 451,3,0,,,0,,20260305T160209Z,2026-03-05T16:02:09.052211+00:00
2029-06-20,AE 452,4,0,1.0,1.0,0,,20260305T160209Z,2026-03-05T16:02:09.052211+00:00
2029-06-23,AE 453,4,0,1.0,1.0,0,,20260305T160209Z,2026-03-05T16:02:09.052211+00:00
2029-06-23,AE 454,4,0,1.0,1.0,0,,20260305T160209Z,2026-03-05T16:02:09.052211+00:00
2029-06-23,AE 455,3,0,1.0,1.0,0,,20260305T160209Z,2026-03-05T16:02:09.052211+00:00
2029-06-23,AE 456,4,0,,,0,,20260305T160209Z,2026-03-05T16:02:09.052211+00:00
2029-06-24,AE 458,1,0,,,0,,20260305T160209Z,2026-03-05T16:02:09.052211+00:00
2029-06-25,AE 460,3,0,1.0,1.0,0,,20260305T160209Z,2026-03-05T16:02:09.052211+00:00
2029-06-25,AE 461,4,0,,,0,,20260305T160209Z,2026-03-05T16:02:09.052211+00:00
2029-06-25,AE 462,4,0,1.0,1.0,0,,20260305T160209Z,2026-03-05T16:02:09.052211+00:00
2029-06-25,AE 463,4,0,,,0,,20260305T160209Z,2026-03-05T16:02:09.052211+00:00
2029-06-25,AE 464,4,0,1.0,1.0,0,,20260305T160209Z,2026-03-05T16:02:09.052211+00:00
2029-06-25,AE 465,4,0,,,0,,20260305T160209Z,2026-03-05T16:02:09.052211+00:00
2029-06-25,AE 466,4,0,1.0,1.0,0,,20260305T160209Z,2026-03-05T16:02:09.052211+00:00
2029-06-25,AE 467,2,0,,,0,,20260305T160209Z,2026-03-05T16:02:09.052211+00:00
2029-06-26,AE 468,4,0,,,0,,20260305T160209Z,2026-03-05T16:02:09.052211+00:00
2029-06-26,AE 469,4,0,1.0,1.0,0,,20260305T160209Z,2026-03-05T16:02:09.052211+00:00
2029-06-26,AE 470,4,0,,,0,,20260305T160209Z,2026-03-05T16:02:09.052211+00:00
2029-06-26,AE 471,3,0,1.0,1.0,0,,20260305T160209Z,2026-03-05T16:02:09.052211+00:00
2029-06-26,AE 472,4,0,1.0,1.0,0,,20260305T160209Z,2026-03-05T16:02:09.052211+00:00
2029-06-26,AE 473,4,0,,,0,,20260305T160209Z,2026-03-05T16:02:09.052211+00:00
2029-06-27,AE 474,3,0,,,0,,20260305T160209Z,2026-03-05T16:02:09.052211+00:00
2029-06-27,AE 475,2,0,1.0,1.0,0,,20260305T160209Z,2026-03-05T16:02:09.052211+00:00
2029-06-27,AE 476,3,0,1.0,1.0,0,,20260305T160209Z,2026-03-05T16:02:09.052211+00:00
2029-06-27,AE 477,4,0,,,0,,20260305T160209Z,2026-03-05T16:02:09.052211+00:00
2029-06-27,AE 478,2,0,,,0,,20260305T160209Z,2026-03-05T16:02:09.052211+00:00
2029-06-27,AE 479,1,0,,,0,,20260305T160209Z,2026-03-05T16:02:09.052211+00:00
2029-06-27,ALBARAN_FOCUS,4,0,,,0,,20260305T160209Z,2026-03-05T16:02:09.052211+00:00
2029-06-30,AE 481,4,0,,,0,,20260305T160209Z,2026-03-05T16:02:09.052211+00:00
2029-06-30,AE 482,1,0,,,0,,20260305T160209Z,2026-03-05T16:02:09.052211+00:00
2029-06-30,AE 483,3,0,,,0,,20260305T160209Z,2026-03-05T16:02:09.052211+00:00
2029-06-30,AE 484,4,0,,,0,,20260305T160209Z,2026-03-05T16:02:09.052211+00:00
2029-07-01,AE 485,4,0,1.0,1.0,0,,20260305T160209Z,2026-03-05T16:02:09.052211+00:00
2029-07-01,AE 486,4,0,,,0,,20260305T160209Z,2026-03-05T16:02:09.052211+00:00
2029-07-01,AE 487,4,0,1.0,1.0,0,,20260305T160209Z,2026-03-05T16:02:09.052211+00:00
2029-07-01,AE 488,4,0,1.0,1.0,0,,20260305T160209Z,2026-03-05T16:02:09.052211+00:00
2029-07-02,AE 489,1,0,,,0,,20260305T160209Z,2026-03-05T16:02:09.052211+00:00
2029-07-02,AE 490,4,0,1.0,1.0,0,,20260305T160209Z,2026-03-05T16:02:09.052211+00:00
2029-07-02,AE 491,4,0,1.0,1.0,0,,20260305T160209Z,2026-03-05T16:02:09.052211+00:00
2029-07-03,AE 492,2,0,,,0,,20260305T160209Z,2026-03-05T16:02:09.052211+00:00
2029-07-03,AE 493,4,0,,,0,,20260305T160209Z,2026-03-05T16:02:09.052211+00:00
2029-07-03,AE 494,4,0,1.0,1.0,0,,20260305T160209Z,2026-03-05T16:02:09.052211+00:00
2029-07-03,AE 495,4,0,1.0,1.0,0,,20260305T160209Z,2026-03-05T16:02:09.052211+00:00
2029-07-03,AE 496,3,0,1.0,1.0,0,,20260305T160209Z,2026-03-05T16:02:09.052211+00:00
2029-07-04,AE 497,4,0,,,0,,20260305T160209Z,2026-03-05T16:02:09.052211+00:00
2029-07-04,AE 498,4,0,,,0,,20260305T160209Z,2026-03-05T16:02:09.052211+00:00
2029-07-04,AE 499,3,0,,,0,,20260305T160209Z,2026-03-05T16:02:09.052211+00:00
2029-07-04,AE 500,1,0,,,0,,20260305T160209Z,2026-03-05T16:02:09.052211+00:00
2029-07-04,AE 501,3,0,1.0,1.0,0,,20260305T160209Z,2026-03-05T16:02:09.052211+00:00
2029-07-07,AE 504,1,0,,,0,,20260305T160209Z,2026-03-05T16:02:09.052211+00:00
2029-07-07,AE 505,4,0,1.0,1.0,0,,20260305T160209Z,2026-03-05T16:02:09.052211+00:00
2029-07-08,AE 506,4,0,1.0,1.0,0,,20260305T160209Z,2026-03-05T16:02:09.052211+00:00
2029-07-08,AE 507,4,0,,,0,,20260305T160209Z,2026-03-05T16:02:09.052211+00:00
2029-07-08,AE 508,2,0,,,0,,20260305T160209Z,2026-03-05T16:02:09.052211+00:00
2029-07-09,AE 509,1,0,,,0,,20260305T160209Z,2026-03-05T16:02:09.052211+00:00
2029-07-09,AE 510,1,0,,,0,,20260305T160209Z,2026-03-05T16:02:09.052211+00:00
2029-07-10,AE 514,4,0,1.0,1.0,0,,20260305T160209Z,2026-03-05T16:02:09.052211+00:00
2029-07-10,AE 515,2,0,,,0,,20260305T160209Z,2026-03-05T16:02:09.052211+00:00
2029-07-10,AE 516,2,0,,,0,,20260305T160209Z,2026-03-05T16:02:09.052211+00:00
2029-07-10,AE 517,4,0,,,0,,20260305T160209Z,2026-03-05T16:02:09.052211+00:00
2029-07-11,AE 518,1,0,,,0,,20260305T160209Z,2026-03-05T16:02:09.052211+00:00
2029-07-11,AE 519,3,0,1.0,1.0,0,,20260305T160209Z,2026-03-05T16:02:09.052211+00:00
2029-07-11,AE 520,4,0,1.0,1.0,0,,20260305T160209Z,2026-03-05T16:02:09.052211+00:00
2029-07-11,AE 521,3,0,1.0,1.0,0,,20260305T160209Z,2026-03-05T16:02:09.052211+00:00
2029-07-11,AE 522,4,0,1.0,1.0,0,,20260305T160209Z,2026-03-05T16:02:09.052211+00:00
2029-07-14,AE 523,4,0,1.0,1.0,0,,20260305T160209Z,2026-03-05T16:02:09.052211+00:00
2029-07-14,AE 524,4,0,1.0,1.0,0,,20260305T160209Z,2026-03-05T16:02:09.052211+00:00
2029-07-15,AE 525,3,0,,,0,,20260305T160209Z,2026-03-05T16:02:09.052211+00:00
2029-07-16,AE 528,4,0,1.0,1.0,0,,20260305T160209Z,2026-03-05T16:02:09.052211+00:00
2029-07-16,AE 529,4,0,,,0,,20260305T160209Z,2026-03-05T16:02:09.052211+00:00
2029-07-16,AE 530,4,0,1.0,1.0,0,,20260305T160209Z,2026-03-05T16:02:09.052211+00:00
2029-07-17,AE 531,4,0,1.0,1.0,0,,20260305T160209Z,2026-03-05T16:02:09.052211+00:00
2029-07-17,AE 532,1,0,,,0,,20260305T160209Z,2026-03-05T16:02:09.052211+00:00
2029-07-17,AE 533,4,0,1.0,1.0,0,,20260305T160209Z,2026-03-05T16:02:09.052211+00:00
2029-07-17,AE 534,4,0,1.0,1.0,0,,20260305T160209Z,2026-03-05T16:02:09.052211+00:00
2029-07-18,AE 535,4,0,1.0,1.0,0,,20260305T160209Z,2026-03-05T16:02:09.052211+00:00
2029-07-18,AE 536,4,0,1.0,1.0,0,,20260305T160209Z,2026-03-05T16:02:09.052211+00:00
2029-07-18,AE 537,4,0,1.0,1.0,0,,20260305T160209Z,2026-03-05T16:02:09.052211+00:00
2029-07-18,AE 538,3,0,1.0,1.0,0,,20260305T160209Z,2026-03-05T16:02:09.052211+00:00
